issue_id,review_id
issue-access,04ea0f0c-287d-4b52-a9ab-419bd4e704bf
issue-access,06793f31-33a0-4b79-a93e-b0ffb46d311d
issue-access,07997e14-5059-4fbb-adf8-4959f4b3f8e6
issue-access,0902fb8c-e957-4a65-8013-e9e0ed62a82d
issue-access,0a7f2420-1b49-41fa-8cfc-0b2e178bea6b
issue-access,0af4c769-65c4-4aea-89d4-1110d3259078
issue-access,0cf2eda1-5309-4a5c-9127-d8f26e298283
issue-access,0dca7feb-c970-492f-bcf6-76c4be53a665
issue-access,11344c5e-30ca-49ce-a61c-3cf21bab8840
issue-access,12efd15d-4d4f-4a71-8e71-69d03b6f983a
issue-access,13567290-9860-4cbe-ac9a-775b8407fa99
issue-access,143e1e52-f496-4143-ae0f-e88e27282e32
issue-access,15ff50dc-b813-40d5-90d7-e7a7f2426613
issue-access,160f24cc-7ff5-429d-bdbd-513ac639f165
issue-access,19468f16-241a-4910-925f-a0d6b3526a9a
issue-access,1970fa98-ddbe-4a34-9155-bb34c66c2f99
issue-access,1b7cdfac-87c1-4526-acaf-48b9a450195f
issue-access,1ca9d2e1-610f-4876-916b-1326b186d7f0
issue-access,1cc0b5bd-a846-4ddf-928b-2cf99e54a303
issue-access,1d13fcf1-5a08-4178-8434-64b4372e354d
issue-access,1d9f5a41-72d6-4886-aa7b-66139a1b2e46
issue-access,1f434b6e-7a79-46fa-a137-41f2ce6b0822
issue-access,1f53fc1d-8988-4866-9a27-60f943508eef
issue-access,227f66f5-2f40-4665-bf7b-68e5474c5abd
issue-access,24ac353f-c387-4731-b67d-aefb8cfaa4f1
issue-access,2553701f-b0e9-4ba0-9c4a-a29671c3276f
issue-access,25bbd4e9-f72a-4286-b0a3-12e6572504a3
issue-access,26bb3e91-46d6-4a23-b7e8-5b1c4d17ea41
issue-access,2784b978-ea2f-4a48-8afc-880fb791cb23
issue-access,28df7699-4354-4771-9f90-fe38d157ad27
issue-access,2ae245b7-9a18-4233-a6f9-b1d955d8a583
issue-access,2bc3d7b4-1cdd-46a2-8f26-fb408f0e332d
issue-access,2e415c83-6c2e-4aab-9cd5-d898db75f0f3
issue-access,2e8666c0-b720-493c-9d19-c3dfb23a1c87
issue-access,303bf2d7-9032-4e30-b32c-62c62b603af1
issue-access,305c3fe1-109c-4f52-b7c4-5b95bb526035
issue-access,31bb3905-3358-47ef-a802-010683c63e89
issue-access,32fb340f-4f9f-4551-8dae-755221e58d6a
issue-access,354c8a93-827e-475a-8bb8-8f224eef52a2
issue-access,35de0f96-c3dd-4dd1-afe0-e461f2f032fe
issue-access,37a1f7a0-2ff5-41af-8244-67d06e58a877
issue-access,37d925ee-60c9-49b9-a961-59b597f63c1f
issue-access,38801d8c-b555-4ab5-8f1a-96f10c7be4cf
issue-access,39987350-9f78-4fd8-b57e-8290f30f24e6
issue-access,3b6000f4-e42b-4c24-81bf-b410c3ddef05
issue-access,3dad335f-f4e4-4c41-8d09-af1b9a3b267a
issue-access,3e1f46cb-ec60-4c9c-9057-0b84c344d875
issue-access,4414c7bb-f116-475c-9817-f2b8fed243a2
issue-access,45d07c5b-1110-422a-8c4d-7f128042697c
issue-access,45e8308e-9d97-4ba7-bb63-0bc4d3115ff7
issue-access,4a55195a-83b2-49ea-8f4e-273f22c55a62
issue-access,4ba5f31f-52fa-4dae-983e-c13346728254
issue-access,4c18d22a-fb57-4376-b55e-a8b747089de1
issue-access,4cedcf82-5ebe-4381-b43d-486c58485e76
issue-access,4d154e8f-408c-4444-876f-c632dca0aa6f
issue-access,4d9b16d8-4c4a-4f8a-b433-c076e4c74cd3
issue-access,4e3a58be-6219-4fe1-9938-89615427109d
issue-access,4f6feaff-f6fb-430d-8681-592c5833d3c1
issue-access,50fec8c5-517e-44ef-a8aa-9c4808433276
issue-access,5136d4b4-cda4-4ce0-8b14-704f74f52ef3
issue-access,521c0b18-188a-4985-a1cc-37d9a1df238d
issue-access,55123d02-711d-4e41-b644-06e2c3c4db18
issue-access,566081b8-f0c4-423e-b3e3-550eb8072e7a
issue-access,578b2052-09e2-4ead-a0fb-c39541651c13
issue-access,5c268e83-7889-4869-8244-2be5c9cf8ae7
issue-access,5d089fc1-cadd-420b-ab1e-eeabd21c57f3
issue-access,5f1b0037-56aa-4e78-8885-774c487bb56c
issue-access,60dba11a-17fc-4dcf-a1a1-afeee2f9cb2e
issue-access,6263d7a9-a576-4005-b2f1-f863610ada44
issue-access,63f1e824-2986-40f0-b309-d69ce4d26445
issue-access,64c28a3c-97cc-43fd-acd0-a1f3bf07414b
issue-access,66161b18-0efa-4fcc-a5d9-5ed52b6627cf
issue-access,6626456c-1973-4824-a9be-5982593408a8
issue-access,67542d61-6c3e-4b27-ad37-a1e6ef948169
issue-access,686fa8a8-f220-4ddd-b283-d61dd242051a
issue-access,6d3a0837-1a26-499c-989e-256c20f03f7b
issue-access,6d4511a2-044e-4d40-9563-48ffa4496e96
issue-access,6e2a5454-073f-4f20-b9e5-da100f2692b7
issue-access,6f926bd1-2110-4c51-ab35-db668a0c33c4
issue-access,7087c6fb-1187-4680-a79c-9e1f2045ea0e
issue-access,7142ad2b-7178-4353-aa39-1393bfd2cda1
issue-access,71de22dd-557c-4ab7-9a0c-858edfddd4b6
issue-access,74ae4c26-9e3f-475c-ba0e-ed683ca5b88c
issue-access,7617f44b-2875-4f78-a5f3-77375b0d350e
issue-access,7cf259d4-4440-403e-ba26-db81783f4710
issue-access,7d62e05d-4d25-4aea-9389-e6c1764c5fd1
issue-access,7e65da4e-9ac7-4ea1-b525-68cbcd06ef13
issue-access,84acb6b0-dd91-4330-944f-2686cbd15ce0
issue-access,85463d94-d90f-4c97-ac48-0d4b655c9723
issue-access,87b2e343-893a-4188-82b7-a552afa2ce16
issue-access,8d31f548-8329-44c9-b86c-2ddd387da72a
issue-access,8e19fb8e-19e2-485d-bbc7-d317a8140b6d
issue-access,8fa7d069-242e-4689-aff7-507b19cb36ed
issue-access,8ff3ecac-b75c-4ee2-a006-3b450002c09c
issue-access,901d5176-e6ab-4df1-b9f4-1a990e9f13ac
issue-access,90614e21-3f8f-4ba1-97a8-1db8d8c7a764
issue-access,907a359a-4158-4fe7-9c33-5c3c18256dfc
issue-access,918ef18a-6cc4-4a24-9126-6470c7f904ad
issue-access,91b3f409-7fcf-472b-a308-29361707085e
issue-access,9283b5bf-cd8b-478e-8276-f840651826b5
issue-access,99566d17-45c3-4f4e-86f0-1bef74b8c92a
issue-access,99e83076-ce84-49d6-8d50-eb91d88ebde1
issue-access,9b260584-fbe5-48ae-b193-3272fa1ccf07
issue-access,9cb34d3c-bd83-4710-a5df-33fed13e294f
issue-access,9e8f4310-9ed0-4565-966c-cb2e2a708133
issue-access,9f810c6a-7ef9-4060-994d-cf15e2dfefb7
issue-access,a1a52508-1b15-478f-8582-d39dfe0df66c
issue-access,a20562d8-9984-4b99-82c7-4fb7a7e1e4c7
issue-access,a2d21f76-7710-4482-b31f-40862fe5aa61
issue-access,a8ba4099-2786-44e0-b3d3-136e9d2d7199
issue-access,ac3de4d6-dbe5-496b-a727-719bd83e0c02
issue-access,ac3e091e-cc41-411e-a3e2-b710997e4a0c
issue-access,b094e805-6839-4b91-8b14-0904d9c93ad7
issue-access,b1ea0961-08b8-42ee-bc44-9060e9a8de46
issue-access,b45f27f0-d01f-4c13-b3d6-c15478110a5c
issue-access,b82fbf43-bbf3-4abe-8875-8b052defae7f
issue-access,ba9c10be-c2a3-46a4-b868-d43ad267039a
issue-access,bca7ce2d-cfeb-4f4d-a3e8-805c70bc1e5e
issue-access,bccc83ff-2c51-40af-97bb-2439aeab2d4e
issue-access,bdfa79f0-b070-4158-a801-51c44568ad99
issue-access,be8e94a1-3da2-4d0e-bf0f-c50b7a872167
issue-access,c0fc2fb8-b744-4b90-ad87-2ee57fae2381
issue-access,c1726764-f0ce-4abc-ad9e-6cd143e1b2c7
issue-access,c4356017-a823-4c4b-b890-ad0ba31a1b33
issue-access,c4cf5200-bc7b-442c-9036-348057f623b5
issue-access,c4da3f91-0e39-4eb9-b992-43c75ed5ca66
issue-access,c52b4394-74af-4a88-9bd6-0d81dab33305
issue-access,c5a0dcdf-6bbe-42a8-8a42-616c817ffc6d
issue-access,c8fd3d92-5e0e-4992-9ce7-dd2338526b2c
issue-access,cb0de46d-11b8-43de-b208-51501eee857a
issue-access,cc3a2e19-d5e8-46e6-9587-348ccb538e31
issue-access,cc5ec714-6927-405c-b29c-0dc70901a030
issue-access,ccd05e83-f88d-458b-90e3-19589ba2e8c0
issue-access,cebc8d02-ac1e-450f-ba43-a36e27ccffbb
issue-access,d0eecbd1-69ca-4ed2-8371-a0568e710ea8
issue-access,d1260b5f-4b8c-4ec3-8ac5-932c74eb3e56
issue-access,d1c27639-ab7a-442f-954a-bf436719a497
issue-access,d63b11e3-b798-4841-b3e7-72181bf0a0c4
issue-access,d9d439d0-ca3c-4b82-bb8d-74fdc4fce5d5
issue-access,dbbf5070-9a81-4b99-bfdc-c20520b80e29
issue-access,de076277-5393-4639-bc5e-f6b7fa9152f7
issue-access,de0a9cdf-8974-48bc-802f-331228df4619
issue-access,de1e8542-a1df-4f75-83c2-53011a51f1eb
issue-access,dfae7363-4287-457a-9d6c-ea152062c791
issue-access,e379efda-83fe-4ce4-8cef-8474060b47cf
issue-access,e3a604c9-7016-4c0b-9811-cd5a5657e537
issue-access,e612e758-69fa-4c27-88f4-da0fe9df7248
issue-access,ea8e5076-a98e-48c7-bc30-da8641ff529d
issue-access,ec9737dc-fb7f-4df0-a7c6-65194036478b
issue-access,ee7a72f2-a8f0-4e8f-83e4-9fdc85dc9e7f
issue-access,eea7a582-f65e-45f5-9be6-bd64f6ca8ebe
issue-access,f0eae20e-d930-4993-9720-deed04eac9ef
issue-access,f6f9c680-0970-443f-b422-b1a6ad85e7ce
issue-access,f70cd149-8148-4aac-b2bd-a84504d350de
issue-access,f8290016-cfae-40e8-9d90-f20c208f109c
issue-access,fbd963bc-5231-4fa8-8af2-494ed3bc6142
issue-access,fc035212-738c-454e-8492-4ccc81e457ce
issue-billing,00168741-ef81-4267-9cb9-b82ad5b43a8c
issue-billing,00be5a50-60b4-4659-9a86-11de9251a439
issue-billing,00f5a05c-5e68-44ee-b33c-39fb75ee84ba
issue-billing,016a0f20-ccf2-48e3-98c8-e38398198d6b
issue-billing,0195d699-61d1-4fbb-a51b-508fc00c04db
issue-billing,01bae9e0-2ad4-4ce4-98ee-aaac1fa9235a
issue-billing,02c031af-f4ea-4be4-a788-771b7f9b483e
issue-billing,04028e93-b7b1-49f8-a6f7-05d8c62c827f
issue-billing,042a2715-d06c-4d93-861d-0e1282525d6a
issue-billing,0447497c-0447-4016-b31a-5d9831e836b5
issue-billing,04650617-b764-47cc-9d66-62e1eb419d0f
issue-billing,04dd1f93-ae0b-4741-8217-83e80dbae68c
issue-billing,04e3431c-6446-4b9b-8841-39f992532f7d
issue-billing,052442b8-b349-4adf-886a-f6e9e182c8e0
issue-billing,0525ae8c-2c72-43aa-984e-ffa1bd2be2ec
issue-billing,0530884a-ebe7-45c7-bc39-acff584189bf
issue-billing,05fe5034-0965-4564-bd54-fcc756889546
issue-billing,0629557c-88ef-4032-beaa-399ef427cf6c
issue-billing,065e5b47-02ab-4524-a309-068d8c51f3f1
issue-billing,074efbfd-f69e-46ca-9cea-e5204a192a2a
issue-billing,07ba23b1-cc03-4030-adde-351b66174a98
issue-billing,0857f150-02b4-416c-80d6-03feb0cc2249
issue-billing,088909d0-cf9b-42b5-9259-e03b6d1cfa47
issue-billing,08966007-20dc-478a-bfb4-70561a6a9c04
issue-billing,08c07310-e802-4a88-bd97-2a5f240c0b44
issue-billing,090dd1b0-a166-4f3a-954c-4f535fea4649
issue-billing,091abc73-6504-40e9-bb0b-7aca0c994415
issue-billing,0980807e-9e30-4452-97f5-445a60bf855a
issue-billing,09b52e47-2088-474c-b674-34eac611748c
issue-billing,0a1373c2-6e6b-49ce-b0d9-c202e885a2f2
issue-billing,0c929c95-9572-411c-bf83-b819a5fff17a
issue-billing,0d005e18-1ccd-402b-b1d7-801d63973e4d
issue-billing,0eac6778-233d-43a0-b1f7-8c728cdb10a2
issue-billing,0f18066b-9373-4e88-9050-104f30c92e6d
issue-billing,0f1d7211-cd8d-4264-a433-2a5511bba7a1
issue-billing,0f747f83-ca8a-40ca-a402-217c6a0af5b5
issue-billing,0fb64180-efbc-433a-a7fe-07e409bf1a48
issue-billing,1049b0fb-673a-483a-881a-2262d4bad4f7
issue-billing,10800b01-920d-4c22-91f5-521c45caf4f0
issue-billing,11147139-6811-4438-9b0e-68a4edf6226c
issue-billing,116b523e-cf0d-4278-8caf-3c5a7cc41245
issue-billing,117cc256-0c7b-49e5-8117-f58f08080682
issue-billing,1192182f-5b33-4159-ba71-ace3fa16175c
issue-billing,11f31e3f-853f-4382-930b-dde703d6740b
issue-billing,1223539e-db5d-472c-a2ab-409ca5053609
issue-billing,126a881a-2462-458b-a8eb-064b4cd0f7d4
issue-billing,1274bc7d-1489-4025-98b7-c575b8282436
issue-billing,129cdd64-0f7d-4ee7-81d9-0a9db9cd745e
issue-billing,13430132-0bce-463e-929a-2970c218c3b1
issue-billing,138f0e02-8c40-424b-b1b3-8ac1d1871b75
issue-billing,14225275-bf6c-480a-80eb-71c269754c04
issue-billing,1454d775-5f0e-4607-b8ea-d9ed5829f2a2
issue-billing,14aa28f6-5a12-4151-a088-b3ecfcb854bf
issue-billing,14be8dc1-8cea-4f9e-a158-df7d5d8af415
issue-billing,15486c92-1704-4b39-8c2a-fd9f1ba5a515
issue-billing,1573b98e-7054-4cf4-bff6-6ad94f4bb4e1
issue-billing,163a31cd-465d-4f30-98e7-4461d336b86a
issue-billing,1690ab81-78a9-4ab3-b950-e0f72240aa8b
issue-billing,16929558-ce1e-4b87-8738-a1de3f557f66
issue-billing,16f22d8d-1583-44c1-ab8c-17485612e9ee
issue-billing,170fbc53-d594-42fb-a310-9df8c4001e2b
issue-billing,173a3087-11b1-4627-8ff5-78960d3e420b
issue-billing,17539c44-fb9a-45f9-8812-6a18f1ddc3a7
issue-billing,17febaed-5f75-42b9-aa2a-8e849d41daee
issue-billing,18957acc-aebb-44c1-92ff-52304c79ab0e
issue-billing,18a9c633-5b6d-49cd-8320-1fa5a8ccfbcc
issue-billing,19750f1d-f6e4-426c-bb1d-cc5c000b2fda
issue-billing,19781735-5ee7-414a-a034-bc33ccf91101
issue-billing,19889682-1dd6-4d68-bc8b-4e5f9d6e4ff3
issue-billing,1a2108e7-a5d3-4212-9fb8-22ab70a40178
issue-billing,1a2ecfe8-716b-4593-a0b6-3186b858c4dc
issue-billing,1afff224-0adf-431d-8a37-6ff4962a91fc
issue-billing,1cd1634d-fb4d-44d0-bdb0-070ea83b32ba
issue-billing,1d1480fb-0142-46da-8570-45bf3983bf6d
issue-billing,1d859558-21e6-4dcb-ad0e-ffe90bc68d53
issue-billing,1d9d1b8d-34c6-4965-b3b8-591eb6d3a71e
issue-billing,1e1a9691-3f40-47c9-90fc-eeb5778e3dfb
issue-billing,1e352786-c3e2-4fa4-a003-43943d948d1a
issue-billing,1f8bf585-ce71-4ed0-8c6d-a171f5f23364
issue-billing,1ff06123-a289-42b2-aad5-c3183dd935e0
issue-billing,202f94b0-cb80-464d-9854-29e3b31917d6
issue-billing,206815ed-7798-4902-9d1d-f808510135b4
issue-billing,20d6a959-9793-40fb-b160-5abd469f45e3
issue-billing,21426c53-3cb5-4f12-a507-dca4a261ce4d
issue-billing,21915fcd-9a35-48ba-b277-6296c4154603
issue-billing,21ee35e2-b698-4b44-8be7-caed86853020
issue-billing,225d887a-cea7-4bf4-a5cf-b52cb3970b7f
issue-billing,2278d3c3-b1bf-4626-99ae-ac50870e0e57
issue-billing,2313bd8e-43bd-4777-bff9-3ae753288f0e
issue-billing,23252b52-7df4-417e-8af5-a1961c57f176
issue-billing,237e6174-4921-44df-828c-28f7b9d6196e
issue-billing,243b09d2-40c7-4437-a829-84c1b1af1f5b
issue-billing,244940c4-104b-4f8a-90f6-9395d059bd8c
issue-billing,2501fcdd-e530-4ff2-8f4a-990beccef1b9
issue-billing,25a345ca-5b00-4bb6-bf4f-0353366b4b8a
issue-billing,260c4e3a-0044-4d0c-aeed-8601c6751bd8
issue-billing,26d17204-031a-450b-885d-2f6099e656f6
issue-billing,26ff3cdc-8870-43f0-9bf8-b81ca0349c8f
issue-billing,27039274-4dbf-4781-872b-efcda4a0b7c4
issue-billing,27760f40-7582-4b81-8b37-6843710c6ab8
issue-billing,27797df1-c218-425e-897d-f6344114a9ac
issue-billing,278a7aec-e6fd-4507-ace9-399971d6688e
issue-billing,2848b00f-80d7-4b73-8c5e-f221dbcdb17d
issue-billing,28c5e28e-0985-4e3a-acba-4f827124560d
issue-billing,28d56033-ab12-4e6a-b611-1ba91a2d8dca
issue-billing,28e138c5-2a4f-46fd-abaa-9549cd881101
issue-billing,28f6a14f-9a2c-4259-a3b0-1978e0ee238e
issue-billing,2970f52e-5df0-454a-85a5-bfd24b7ae830
issue-billing,29785e99-eb1e-4a7e-809b-c2d1dc5f0a3b
issue-billing,297a6c4d-44f3-4ea7-9c7d-e55d4a84a2c0
issue-billing,29aa811b-14ba-4882-a261-66da5b10a795
issue-billing,2a4d62a9-e3c7-4744-80d2-469c7b6e9e52
issue-billing,2ab2c064-273c-4aca-a691-be74d9aec88c
issue-billing,2b55b30f-a726-4fb6-8473-cef57252652b
issue-billing,2c7f3221-4b60-4751-a9a6-f3dd4c82d174
issue-billing,2ca66b99-25dd-4da9-9a33-1f8d42d04b45
issue-billing,2cafde38-6bac-4d2a-b61c-614af157a621
issue-billing,2d3fc67d-c8ce-4197-971f-b5824293eab7
issue-billing,2d58096e-7fad-46ca-99f5-56aa549963da
issue-billing,2d91bf33-5bdf-4e0c-855c-9947af5c08f9
issue-billing,2d9c190f-a574-4a4a-b337-b699fad450bf
issue-billing,2dce31d4-576a-40c8-a664-e195c7144957
issue-billing,2e01526e-ed30-4105-9524-08c074529fea
issue-billing,2ece01b8-e167-4c69-af00-8d175babbc2d
issue-billing,2f6dd751-eb92-4f91-baa3-77e18d1a8550
issue-billing,2fd64ae0-e1bb-4b39-b80f-0bd5cb96a57d
issue-billing,302a3d09-cc5e-4bca-8a6f-06678b98e6f4
issue-billing,3055c32c-c139-4e7f-b008-0f4e2de18de7
issue-billing,314897f7-69e2-448a-8c65-7ea2847cdfd0
issue-billing,3257da13-8a76-45ae-8acf-3fe83dfdcd5e
issue-billing,3320ae4b-8fbf-4703-83e1-2767da2781da
issue-billing,33304a50-acee-4525-8fd9-5588100db615
issue-billing,3498aa00-e5c7-43c6-af8e-31097eaa5d7b
issue-billing,3686ac77-b132-42b6-87ea-e5d8fd66d383
issue-billing,3694cbca-4c67-4afb-b40c-57d2454134ba
issue-billing,3754fe75-038c-4e6d-b7a3-12b99a7c8cbe
issue-billing,382accf1-2c94-4c19-99a8-379e636a1b1b
issue-billing,38347238-5df8-48ab-9490-443ea9f2095e
issue-billing,384008ad-eb79-4525-a794-b0b67f7fb3f5
issue-billing,384d3f2a-3e40-480c-871f-bcb970c5c104
issue-billing,3899ed22-7b96-4c4f-9706-42985b8d8049
issue-billing,38a807af-44d9-4660-86d1-eb7b7a627c26
issue-billing,3905c0ae-8ff8-4f2f-85d8-1735654b44c5
issue-billing,39239ffa-cacf-433b-817b-386caa455631
issue-billing,398566f7-2519-40e6-a2f4-6676657a18a7
issue-billing,3ade9341-a53b-4d49-bc8e-abeb3eeb97a8
issue-billing,3b64e047-a5de-4fe6-bb88-582120ccd283
issue-billing,3b6d7be5-c71a-47a3-8490-76bfc48e4279
issue-billing,3c61fba9-9522-4ad0-98a3-fb590d35bab4
issue-billing,3c79ef4f-6d9d-48ce-b3ed-a3d5a2abba61
issue-billing,3cb90f46-5856-4443-953b-863429355058
issue-billing,3cdb5635-b2bc-43a0-808d-267bde5f6ce7
issue-billing,3d2a74e6-b536-40a8-9936-9d1abbccc474
issue-billing,3d75f76e-9be9-4062-8964-6fd468043902
issue-billing,3dcac15f-f923-4698-b7d0-80ac7e8123f1
issue-billing,3df6a7ae-7755-41c1-b576-fc3d3b16ef05
issue-billing,3dfbeee5-af7f-471a-b8c5-c11976e824bf
issue-billing,3e82cf28-6b0a-4980-902c-b6aa154d353a
issue-billing,3e900365-09b9-4aca-9141-e63de88e012e
issue-billing,3ef844b2-8120-4f5b-a3e7-1e0c0ee8b31e
issue-billing,3f260ac5-a05c-4c57-9f03-49e734cf9e98
issue-billing,401b0f8c-53cc-4e8c-b915-282cf1f747b7
issue-billing,405ba961-496f-489d-b13f-aea7a5b8aaf4
issue-billing,40cfba97-38c0-401f-b708-744d15363488
issue-billing,40ddd91a-6f96-46f7-ad31-b31a50bda240
issue-billing,4109c8eb-060f-45c2-a58c-d1ab4506ba32
issue-billing,417aa723-cba1-4e9b-8db2-c58a1de96be7
issue-billing,4190c270-d7e9-4c4b-a59a-46bd7cfaeb9f
issue-billing,41c0c736-6617-466a-8e4d-3a2b551185e5
issue-billing,41c3ebdc-57b1-4220-a3ca-8e7ad7951a7a
issue-billing,41ed2d5f-2092-4bdf-b469-3ae3a4441e58
issue-billing,4270b1a8-c336-4353-9b82-c79586e34308
issue-billing,430b55ef-a213-4c1e-8be4-25b48724cdba
issue-billing,4349285f-b3cf-43aa-b93e-e4bacaf7f56e
issue-billing,441b1302-b680-4d2f-80a2-7acc14f2607b
issue-billing,446eea99-fb26-42cb-907a-91d924d4cdb1
issue-billing,4490658d-4588-4428-aa92-9211f3d69a42
issue-billing,44fe800f-1ea9-44ea-85e2-eff54e28963f
issue-billing,452c5561-53a8-421b-9b5a-6f5ad590a027
issue-billing,455410c2-6128-468a-979a-771ac4efbf5b
issue-billing,456faeb4-bca2-4c2d-b363-fa5b49d5bd3b
issue-billing,45ef3359-f557-4520-9620-f8ca6e342ad6
issue-billing,4654f83d-80cf-42a5-96c3-0be868570ee5
issue-billing,46e0e77a-af37-4199-a153-81304cfa7d8a
issue-billing,46f72989-2d9d-4017-990c-8dad98d282b1
issue-billing,47ab8a7e-e9da-45ef-bcfd-036fff3896a3
issue-billing,4854e663-6d69-4d39-85f5-42cc3e20123a
issue-billing,486507c8-d483-4575-9755-3e991e55c2e6
issue-billing,48716822-7b79-4599-8a61-b6613428a43c
issue-billing,48cfbbe1-a4ae-486a-aae9-f8bd4759261d
issue-billing,48d77b42-ca43-4dfa-b13f-756c03e4aa0a
issue-billing,492bcb2c-5188-484f-b11b-e3c71749e330
issue-billing,4942681e-06a1-4b1b-a069-0fc2a0c8bd9f
issue-billing,4966b59e-cf09-4881-b3ea-34fd4118a553
issue-billing,49c2314e-5136-46c7-a4eb-4d929114fb48
issue-billing,4a0e56a4-4a33-4dce-a8ce-4a85878f7853
issue-billing,4a2ba740-231c-406e-a7a1-c31349e99c44
issue-billing,4a541362-3c5f-4f3e-b133-70d2f5178cbd
issue-billing,4a935c12-acf5-4a84-a2a5-9b134e4bbb77
issue-billing,4aaf911e-2ab6-4ccb-a0b7-4c6336f729c8
issue-billing,4af6ff50-05a4-4c10-a69a-6e2406d16686
issue-billing,4b1d19b5-37c5-4964-a446-b7c1a7c82620
issue-billing,4b55243e-33aa-4d29-bc0b-7fd737ce034c
issue-billing,4b9bcd99-ee7a-47fe-acbc-d93e9bc98737
issue-billing,4ba8f32a-683a-40e4-bc4f-2a031b453704
issue-billing,4c17f31d-52f9-43d4-b60b-7f73d01dbb1e
issue-billing,4c222a8d-2733-4cb6-a44c-873ad8684f03
issue-billing,4c30da62-2ea7-41eb-bca4-b9bb4c19b415
issue-billing,4c415cc6-dd24-4046-a9fa-2a371e3d4fb5
issue-billing,4c6e7547-28b0-4569-9e53-6f232acd9352
issue-billing,4cc552a8-085c-445d-b0c4-c831cad13579
issue-billing,4cfa47ee-ceca-4091-bdeb-e994fe133097
issue-billing,4db8a2c0-67ae-4bcc-91d9-323a430ab8a3
issue-billing,4e677b01-c89d-4917-9e95-f82bfebe1a00
issue-billing,4e91559b-390a-49ea-b9b4-f8f8dd290076
issue-billing,4eccea0d-df06-4ce7-9fdd-e66744a41109
issue-billing,4f20dbdf-b632-419d-ac16-8f382ca1393b
issue-billing,4ff40938-6d7a-4f71-8c76-c3021e934858
issue-billing,505ddeb2-a350-49ab-8dd8-f22308802d2a
issue-billing,506f6980-ddbf-483e-a12f-35e09a937803
issue-billing,5088ee2e-9785-4e48-b57d-d7b8ed1c898f
issue-billing,50e69fd5-5b2e-487c-ac7d-0c27fdbfb0aa
issue-billing,5121fb84-1094-4729-b2d9-86815116f60d
issue-billing,5133c994-e37b-47cb-94b3-26d80e242f6c
issue-billing,51592b52-e9de-42ce-bd9a-6ae7897f21ae
issue-billing,51a85b35-96ec-4bed-88c6-8e29bfff72b6
issue-billing,51f9fa20-daa1-49b5-9ef2-83a382686c0b
issue-billing,51fcd9b6-23de-460e-8091-32e172d59ba6
issue-billing,52037fe9-34e9-4a0f-ba3a-baf27917b76c
issue-billing,52224e6f-239b-4375-bc32-8f7239bd66c3
issue-billing,531584e4-8373-4997-8cc3-cba9edc87775
issue-billing,539cb275-f019-46f1-9c5c-24681a34e3d1
issue-billing,53c092a3-5a34-4afa-855e-178e2bc56516
issue-billing,53c76f61-ad2e-4b2a-84e1-0151b6201cc1
issue-billing,53dbf883-739c-4a6a-bfa7-23abc3e1232e
issue-billing,53e02ea5-361a-4d13-aea6-b7113c45905b
issue-billing,53e8b58a-59d8-4227-8055-fd3fc2b762e4
issue-billing,546c479d-155e-44ed-8e8b-0ab6fc2b5592
issue-billing,54a736c3-5671-4695-8930-37e4ec8d59ab
issue-billing,54c70cad-f902-48b7-978f-739414d9d75f
issue-billing,54d93a11-c196-4eb3-9469-e1d4f95cbe9d
issue-billing,54fe9398-6b25-4d7e-9262-9275dcdbc3df
issue-billing,554888ee-ff28-4da3-8644-1bf057490c50
issue-billing,55633e3b-27c4-40b9-af9c-54a7feb5586e
issue-billing,5576c671-62f1-413a-8a0c-1c6dd8275c08
issue-billing,55a7f0d1-9f44-4470-b3a9-ad18f53bee08
issue-billing,55ca2253-6b70-49d9-9e0a-104b08d1eaab
issue-billing,5621d5cc-4b90-4a14-aa31-982e5dc3b27d
issue-billing,56657e88-7765-4a5b-9323-086dca34a733
issue-billing,56bfc34f-4ecb-4100-abb0-2b51dc95f9c9
issue-billing,5782aeec-f1e0-4730-a0c4-51ba54303b27
issue-billing,57aca404-d58b-4bb4-97b1-c64db92f054a
issue-billing,583b5a01-8e7d-4328-8914-e95bf96b6d86
issue-billing,58511d69-67c2-4432-84d8-f3c556592f2b
issue-billing,5991a8c4-7a3b-4242-84e7-1f4222a0a947
issue-billing,5a400fcb-7420-4cc8-bd47-3be1cc1bb6d9
issue-billing,5a9241c2-aa2c-4902-a442-e3ae86bbe647
issue-billing,5b1868ff-19b2-4be8-9450-a7afb976dd2b
issue-billing,5b841499-cdba-43fe-9f1c-73994050e15d
issue-billing,5b984072-a39a-42bc-8d64-03c1775f4bc1
issue-billing,5c34c25a-b5ca-4127-9287-14a2880f4e07
issue-billing,5c581e49-727a-4221-be0a-a59344c78d60
issue-billing,5c907ffa-de04-4c24-9761-deeee8816185
issue-billing,5cbc9acd-8d44-4719-9409-b40ad0db4211
issue-billing,5d11496e-cf4f-409a-b03d-21497467e151
issue-billing,5d175a12-fd23-4174-90c3-8eff7a188c6a
issue-billing,5d45c209-cc99-4403-8645-891fa86ad2bd
issue-billing,5d95dfa7-4b33-4d42-b025-beaf394419a7
issue-billing,5dc762cd-0751-4b06-86b3-6f23604bcd29
issue-billing,5ddfe6b1-8010-47cd-9c00-bfa8af4382e4
issue-billing,5e3da57e-f25b-4eaa-89e9-d16dfc2e1fd9
issue-billing,5e94246b-c455-4f4f-afa8-a482bde045dc
issue-billing,5ebed082-723b-46fd-8700-0e2171db48fd
issue-billing,5f62ffe2-bf49-4824-ad02-71867d60d9df
issue-billing,5fac786b-3328-49c3-af97-39e2f6056296
issue-billing,5faf6c1c-7f9b-4a23-8ca4-4b0f0fbd9603
issue-billing,60707108-0034-4129-bd22-cd983db1ae91
issue-billing,607ea29e-0a68-4ca4-87d1-73a316fe0550
issue-billing,609ba38d-f4be-4519-ab06-faf8a0606476
issue-billing,60d716c1-9e38-4609-acf7-34a67d54e806
issue-billing,6106dfdd-618e-4da6-b4e4-2212a1626d20
issue-billing,610910a5-dafc-4cdb-bdfe-522594b04db0
issue-billing,61a5ce62-a044-4cd6-be77-b2494f479c66
issue-billing,61e0ddbb-6ec4-4d3a-acd3-41eb5f64afb7
issue-billing,62078227-9019-41b1-8efe-a08e381b5f53
issue-billing,626978dd-5f93-4713-bde8-1f344d6819c3
issue-billing,62a151d1-6cb2-4f3e-8b92-8265124ebf42
issue-billing,62b971a4-cddb-4981-a16d-34e4dc5c58c0
issue-billing,63237583-0181-43fb-92ae-913863fdccc4
issue-billing,634045c3-9a77-4a44-8f0e-8bf509426e38
issue-billing,6347c0ac-413e-41f4-b8ae-93e02ae2eff7
issue-billing,63580465-28ba-4eca-8cfa-0aca2b57a256
issue-billing,642af996-844c-434d-87bc-fc9f26808116
issue-billing,648549f5-961d-4807-972f-cf7a19f1ef50
issue-billing,64ac5469-2380-4ac3-a26c-6b2664e42eb4
issue-billing,6509f91f-8097-429f-a5c3-f7a0ef0bb101
issue-billing,6542b64c-0355-48e1-bce2-12a91304418c
issue-billing,656981a7-bdf8-466c-a814-6d7351cd2991
issue-billing,658db8d6-498d-4f3d-a8f9-240c4ed8e35e
issue-billing,6597a459-0512-4bfd-bc51-5296a97a4eea
issue-billing,65e0cd18-62f4-430c-9087-2a86e6cb8e85
issue-billing,66364079-d0b8-441c-a63b-c879570b0a91
issue-billing,66898cdd-d707-4c0e-9737-4652debf705c
issue-billing,66c56c76-ca94-46ef-b0a1-931654ead16d
issue-billing,66eb075f-ce78-447e-ae5e-58a01b9feb9b
issue-billing,672d3a15-4db6-46b6-86e7-fae7f63b848e
issue-billing,67835dbd-10ac-4325-b93e-453d1bd5ec36
issue-billing,67ba74c8-7f15-4457-9eb9-0a2754cbd325
issue-billing,68bf4a2b-9318-42a5-9a3f-d9c222cf42e1
issue-billing,69461c21-a4ea-4ed0-a6d7-289534543b97
issue-billing,6985febf-75fa-47e9-9a86-c62f47a18554
issue-billing,69c1ba00-6c49-46bd-937c-05e6199f8391
issue-billing,69eaa7be-0d49-4541-aa41-7047278d413b
issue-billing,6a4f84b4-18e2-47d9-adb8-2461a9319c11
issue-billing,6a5aea6c-8b7d-4658-835c-426d7ea3b93a
issue-billing,6aad787e-4bd8-4679-8238-97aa16373266
issue-billing,6ab79a5b-4b62-4449-b67e-99e0e3395a2f
issue-billing,6af6e0d4-ba67-43bb-994b-aaffed3420a5
issue-billing,6b55ac9c-8dd2-4170-8782-bd35985ec0d9
issue-billing,6c05d377-98ad-427b-8496-72ecc99ffdc0
issue-billing,6c53aaa3-ff14-4f9f-b95f-7aa552a8ef28
issue-billing,6c60def7-f5d5-463f-983c-06246826da58
issue-billing,6d0285cb-f345-4ee5-ad4e-6916cd77a9a4
issue-billing,6dd315d4-ef32-4768-b259-6d8042070151
issue-billing,6de9330a-08c5-46f8-8e8e-74d7d73e9f36
issue-billing,6e0ee00e-1c06-4d7b-a211-5a5413b5b48f
issue-billing,6e1019dd-472a-4d18-97a9-134fe8b1df39
issue-billing,6e23ebd6-7579-449f-93d9-256f171a8672
issue-billing,6e7f4060-cf1d-4ef1-90fe-3a6616d863dd
issue-billing,6eed6840-cc3d-43c3-9e85-edc05c3715bb
issue-billing,701fddba-fb00-48b7-bb44-435bb952735b
issue-billing,704a2eb2-d139-4f8f-8fba-40b5357347fd
issue-billing,705f6123-c37a-4301-9e7d-377101d44340
issue-billing,70be11b5-c6b7-490e-9400-236076d87f5a
issue-billing,70c10706-cb1c-4623-9c21-bf303e1e6ebe
issue-billing,70cf2d51-8d3e-453e-9424-07a49400a07d
issue-billing,713d5db4-dabd-4bcb-964f-beaf1c8169ec
issue-billing,7153ac48-702a-4e93-bed7-3f6ad016c964
issue-billing,719d2fec-9d68-49bf-a1f1-897df49b714e
issue-billing,720314a0-5822-457b-865d-ba7c4dda4cfe
issue-billing,7312d5d7-c9a2-41ab-a7fc-d192368acabe
issue-billing,732871c8-f75d-456b-b6f3-1328d14b4d0d
issue-billing,735f800a-589b-473d-b5b3-3eb08c6408bc
issue-billing,73853aa3-70a8-44e6-82ef-d44ae9a34bda
issue-billing,73bc8f34-a9f0-4648-b042-57637562f1f9
issue-billing,7434ddb8-ce0a-49c0-8c1a-89bc05225763
issue-billing,746bc2ad-c5f0-4c61-9226-4d2303961e8b
issue-billing,74d4c820-f915-406e-bfec-e837d2e4796f
issue-billing,75433b1c-d884-4f4a-9d4f-954b29ced29e
issue-billing,75957a73-e3e5-46df-a39e-091eb6c5ec88
issue-billing,75eea3c7-fbbd-4998-abf1-8e62c7c78cf7
issue-billing,760391c9-deb9-41f9-bae7-7ea9a729a9ba
issue-billing,76205ac0-ff83-45a9-9389-d6b691f894f4
issue-billing,76308a68-86de-4c9c-9d5d-106b5a0203ae
issue-billing,76a0f703-e785-4183-a810-3896c8a1a894
issue-billing,76a435e9-e40f-4364-b37e-844c2bacf40f
issue-billing,7755eed9-6fd8-428b-b914-caa605d18d1a
issue-billing,777c5dc3-0a86-4e5b-9185-f03158e1ca3e
issue-billing,77b5aac0-68c7-4ad0-b999-46c6251bb34e
issue-billing,7865a05f-6e3f-4710-a9a5-b12e20eb98f6
issue-billing,789c939c-be54-43c6-825f-17af09f609e8
issue-billing,78cef03f-68c4-435f-a77d-f2edb2c0d9e7
issue-billing,797e2994-bebb-4e31-be58-b5d804c0c8cd
issue-billing,799ac71a-062b-4475-9db1-b1981014fc6c
issue-billing,7a567af4-46f9-48bf-b4f9-49e692062b60
issue-billing,7a5919ad-16d4-4f29-8e6e-1041415d7eee
issue-billing,7bb73b82-d03e-4142-b7e4-af4dbfc98771
issue-billing,7d3c5fca-36ec-4880-9d79-9219e7649990
issue-billing,7d65a7ce-9eb6-4a38-9097-44515517e5cd
issue-billing,7d8ce1cc-1b03-42e5-bd53-f6e89679a687
issue-billing,7dcc7236-07e6-45d5-947f-e49f166c7d61
issue-billing,7dd59fe4-b27a-4a66-8eca-db233b4d26d4
issue-billing,7deed6f8-fb8f-4d82-835f-a948058686b3
issue-billing,7dfe3265-67e5-4dc6-b840-3c8a7ea9e7c7
issue-billing,7ec0e5bf-84d4-47b1-bfe2-679747cb2aa3
issue-billing,7ee58861-8bfc-49a6-b663-30ba160ab900
issue-billing,7f4c5c1f-28a4-4bf0-a022-27f731fc87bd
issue-billing,7fc0cb67-6ad4-4da6-8d44-10f45f57a552
issue-billing,802eea96-83c5-4c66-8e6a-ec82a78613bb
issue-billing,8033fdb1-bf79-4b7f-a6bd-fe1dfa7b3251
issue-billing,803497a2-ebdb-41e0-9982-7683bc3d2fdc
issue-billing,818d0565-8779-4ebf-b031-1587b0a2bb39
issue-billing,8197eac1-b915-40ea-b3c8-3b73059073b0
issue-billing,819d74a8-45c5-4260-afde-72cb2cd1f876
issue-billing,81d69045-76b9-468f-a05f-c6db1699f106
issue-billing,82aedd59-debc-4147-9ff4-5a95c3d3a4e4
issue-billing,82c2333b-a963-4e19-ab8e-da9caf555d87
issue-billing,82e8872d-8da3-43bf-abcf-bea1fa8ccf8c
issue-billing,8306a0e7-4ec4-422a-9730-860a7055d012
issue-billing,833b2ce9-c3bc-4c97-97a3-c9a3aaec79ed
issue-billing,8403a0e5-a1bf-4855-a4fd-026da7f8aadd
issue-billing,847a2096-bc06-4721-88b2-fb61c09f3a0d
issue-billing,84c09d0f-3a59-4dd8-9413-a62b934accbb
issue-billing,85b10a53-b871-4018-ac43-1e2539af2cb4
issue-billing,85cb9e4b-7729-4ab7-8bad-a313ed9cc1b6
issue-billing,85cbf393-19d0-4303-961b-a5fec30b63c3
issue-billing,85d3ad60-6780-4c05-a89f-4f17caab1991
issue-billing,8602da72-c09d-446a-b637-d14fc2fb998e
issue-billing,860dabf2-ea08-4904-8247-306335c43853
issue-billing,863f20bd-acc2-47bc-a6b3-0a7519d6d221
issue-billing,8681811e-d62c-4d7e-a5a1-70a204df1bcb
issue-billing,86adc9b6-be58-400c-9a08-aa082ff0535c
issue-billing,86fbcb0d-74f9-4687-91a4-91e54ed57df7
issue-billing,8757ae6b-e25f-4275-8437-493df20f0719
issue-billing,875a69bd-f024-491d-a01b-e7d6f611207c
issue-billing,877e2c08-0979-4c93-821a-c27daf99b10a
issue-billing,88153b06-7322-47ee-a8fb-6999bcf885f4
issue-billing,8843387e-c14a-4119-9742-f123f4b8688b
issue-billing,88439ec2-7c49-4c57-bedb-c5e098692aff
issue-billing,887d52d4-0e88-4704-b0ca-1799da6c2bac
issue-billing,88cc8f74-0622-4064-b652-894fe63e1fd6
issue-billing,88d0d8e0-2be6-407e-9b8a-a41e1007ef59
issue-billing,88e7b0ff-2fe6-45b2-934f-4b23523a1632
issue-billing,89099234-3be3-49e0-a038-8ac17782aa16
issue-billing,890aeb60-e7cf-4f0d-a321-03a1c8b65757
issue-billing,891574fa-94b1-43a0-b0ae-2cfcfa8bdf0a
issue-billing,8938fa2a-113b-4a71-b59c-3529feaf13ba
issue-billing,8948f1b1-8e98-4d0d-b8f6-788a8790ce7b
issue-billing,89b7e924-c381-471d-b748-2416e5bb4c8a
issue-billing,8a4a0099-a2ca-477a-a9ee-f2ba18bd413e
issue-billing,8a56d31f-f5df-4fa0-8e05-bf0519eb31ad
issue-billing,8a5e11f0-3e3c-4e37-9001-384514791925
issue-billing,8a67e7fe-37ae-448c-921a-10ee8e2076dd
issue-billing,8aa76dac-c793-4755-b29b-9df7d395be5a
issue-billing,8b58eaa4-5927-44d7-93a5-ea793498713a
issue-billing,8b6d01ae-1c4f-45da-9247-a3048c670a48
issue-billing,8b79fbc7-5b97-4dc9-835c-2000c1f18f4d
issue-billing,8bb43705-1e6c-4f9d-b200-cccc14a1249e
issue-billing,8bc896a5-d38e-418a-b895-b7fc293bded9
issue-billing,8bfa8c58-ff00-4df2-ae67-cd44608811f4
issue-billing,8c475398-bbab-4e1b-83e6-1a3ff56c49af
issue-billing,8c7b7d6f-c4cf-446c-a64e-08917ae85410
issue-billing,8ce923ef-6560-490f-8ff8-db99a04a703d
issue-billing,8cf338b1-c918-485d-8244-c2a154a3cef4
issue-billing,8d1bfaf3-2632-42a1-90d0-eb7fd381358a
issue-billing,8d344fdd-8c04-4a86-907d-3e3faf3a9855
issue-billing,8d715e41-6eea-4dd1-b0bb-f61bf1468305
issue-billing,8dac32be-a792-44fa-b650-bf8dbfb6c035
issue-billing,8dc47661-9cf2-4732-a26c-f797ea500a34
issue-billing,8de67a85-2a3a-4d65-a9f6-e0013bf752c5
issue-billing,8dfcd389-2352-41fd-8a2e-451352d6d238
issue-billing,8ea73948-ca6b-4a5b-916b-4b3b42c8a404
issue-billing,8ec3a997-8c00-40ed-8353-3554366e9aef
issue-billing,8ee5e181-21d4-41f6-a4d9-b00764e46100
issue-billing,8f0b1f60-07bd-421e-a5c1-35a1b119ab78
issue-billing,8f4d1cfc-064d-482a-9bf8-fa1ecc560c51
issue-billing,8fe193da-4f33-4213-a10d-d87cc39e96fe
issue-billing,9092bfd2-1ee1-4a8e-95f7-b1cfec95ac2d
issue-billing,90c57abe-4a9d-4411-9333-21abdb8af61f
issue-billing,915ca87c-6d14-4db5-bd92-31a4205ed618
issue-billing,91f49c48-ed57-4520-bcbd-49b523b9e734
issue-billing,930692c7-5e7f-4f48-9d0d-f3c28b44f64d
issue-billing,930c74e5-2112-490e-aab6-fdf3f390e9cb
issue-billing,931ae38c-d9c3-4e5b-9c1c-dac699b62c8e
issue-billing,9388609e-28c2-4b4d-8097-c9c4d5028322
issue-billing,93dd78a3-d2c3-47c1-8eb2-fcf7c5f099a7
issue-billing,94032ad7-ca92-44a4-b974-be8de88af527
issue-billing,940ca0f2-3675-4edb-ac82-5795c32e2c64
issue-billing,94e4bece-cdcd-460a-9cc5-84136b581076
issue-billing,95132b49-982a-4848-bfa1-0e955b7301de
issue-billing,953e7671-1a6d-453b-af60-f28035b292ca
issue-billing,956a69f5-84d4-42f9-9325-ed215f5ba73d
issue-billing,957dd8c7-4db7-4d86-9a1f-bd6c178e97f6
issue-billing,9582a026-e21a-4357-bf18-51e8aef3b217
issue-billing,959bcde7-d23f-4cf5-aa14-4be4632c0f4a
issue-billing,95ef030b-2d9f-44cd-b787-851a314b8df7
issue-billing,9639816d-d7fd-435c-9a7f-af60f0c0ff7b
issue-billing,968774a7-055f-42b2-8159-d6ed52db7a1e
issue-billing,9705c329-d7d7-45f8-a18b-a1140429525e
issue-billing,977f3a34-83fb-4302-84ae-af9e888f88cd
issue-billing,98548f73-dc97-4e3e-94c5-c3fd867ea187
issue-billing,986e5431-3132-4496-9a79-f1d1ad99e858
issue-billing,98c341a9-fa47-4aba-a145-db85b68ce6bb
issue-billing,990a108a-f936-4a22-bd3b-f5c7ed18cb53
issue-billing,99332a6e-6696-4bf3-af0e-d03f04d368ac
issue-billing,99350dcb-fb74-4ee0-b688-a516165c6107
issue-billing,996aeea7-26df-4405-a121-0df0941b55cc
issue-billing,99bb950e-29f5-46c4-99a8-a5e7df1b7880
issue-billing,99ce591a-c167-4410-9a18-82f9feffac50
issue-billing,99fd2405-086a-46f2-adc4-036dae8cf434
issue-billing,9b23baab-3f51-464a-86d2-cead2f192df6
issue-billing,9c440522-d7f3-4b96-824a-65f38a6091d8
issue-billing,9c630c95-9517-4aed-8aff-c9a001c8e4a1
issue-billing,9c7330ec-e3be-43a3-94e0-fd4a81ee37c4
issue-billing,9c7696f7-c67b-4efc-9eb7-7eb0ae1cfd48
issue-billing,9cab63a4-87de-4731-8dd4-4a97cea75d30
issue-billing,9cf4f4a1-52a0-4ad6-806b-f93efcf871e1
issue-billing,9d107cfb-3c1e-4bf1-b8c7-6db7fa246ace
issue-billing,9db060c5-2ff5-493a-8a19-01a3da91ff1d
issue-billing,9e5b62dd-9ff8-4525-aa14-4f75b26fe2e6
issue-billing,9e6db7f5-f5f1-48de-a55c-ed47d01ab9c7
issue-billing,9e97b028-5ac3-4b93-812d-5c72cc2cd429
issue-billing,9e9c6d6f-9aba-4a30-8051-6c38625599bd
issue-billing,9fa68c7c-e788-40af-88e9-30db9c154702
issue-billing,9feb324c-f2df-4734-b36c-a1a10178d666
issue-billing,a01fe83f-9948-4b66-ac56-b2657db2687f
issue-billing,a06df5ff-01c8-4aff-a89c-a0c2ddc88f76
issue-billing,a0a904b5-ca5b-4a45-ae1e-216c89b76360
issue-billing,a0b7082c-7240-4bbe-90e2-1221067427d6
issue-billing,a0d02829-86b0-4194-abc5-d7763df4551d
issue-billing,a11bf5bc-ebf0-4ad5-9e48-9b5820492b9c
issue-billing,a17e2340-b3cd-4c1c-86e3-27c80586e534
issue-billing,a1885212-6085-43c0-80b3-149aa95b7af8
issue-billing,a18a108f-78da-42c0-985a-9b3b170f2df9
issue-billing,a1b2145d-b395-4c3f-9fc7-61242b09f41e
issue-billing,a2453186-a5e6-40e1-9917-c9057dc915c9
issue-billing,a253b1e0-ef22-4309-b02b-ca9265c532d9
issue-billing,a3605554-5c3a-441d-836e-e9fdea83eb2e
issue-billing,a368f938-6cef-42a8-ac66-31800e3b2f14
issue-billing,a3b13a75-9330-485f-a5ab-665a332b827b
issue-billing,a3d528a1-39ad-435d-995c-cc642cc8dd2d
issue-billing,a41df73c-4199-44ee-909a-f0d1341cc5fb
issue-billing,a4e3d3fb-aca6-4466-a30b-09d7a970e2f0
issue-billing,a51a0214-e4b5-47cc-a2c4-202eca063367
issue-billing,a551564e-db4a-489a-a210-1d994984150e
issue-billing,a581ecb8-d021-4b0b-b5f2-f3f3b79e6ccd
issue-billing,a5cfa348-2baf-407e-93a9-82881b9220d2
issue-billing,a61ccd6b-07ef-4076-b10b-73b6b3ae9a8a
issue-billing,a628d188-b43b-4912-ba48-dc9539daace2
issue-billing,a62c121a-93e5-403b-b5b7-4132586425a6
issue-billing,a63ac930-1225-49f1-82cb-cfaa6976d35f
issue-billing,a65a14f3-b941-4165-b222-8f19d20ddc11
issue-billing,a7506447-33c1-4eef-a99b-7835d5e9bf27
issue-billing,a77838ae-857b-4506-9e10-f47b9a0054a0
issue-billing,a78d831a-69f4-428a-9235-cfdd9775c509
issue-billing,a7da1560-455f-4393-9751-c8ee6c24a22b
issue-billing,a80604c8-4451-42c1-9d76-8e1a0532e7bf
issue-billing,a8170750-1671-4962-bba3-bd297d78f0bc
issue-billing,a835c23b-3e27-493c-a9df-1a9b5ee04f09
issue-billing,a8a09a7e-59ea-49d2-83a4-4c83ac52cb55
issue-billing,a8a586c8-9e94-4135-9c8b-42779158c227
issue-billing,a8dc440e-d9f1-4120-a292-4eff45ccde07
issue-billing,a92157b2-caee-4e6e-81ee-9993d95a6d8a
issue-billing,a925496e-657c-4409-8d10-81e49ce2ef7f
issue-billing,a997224a-7e47-471e-a808-4cbd15ecaeb8
issue-billing,a9eceb1c-d2a2-4b73-a50b-f25d63e87ac2
issue-billing,aa7869fc-bfe4-44fc-951b-e3573a894745
issue-billing,aa79fe52-744f-4cab-adb2-b99aca01fdae
issue-billing,aa7de38b-cc84-4afb-8c8a-ad527f8cf0f9
issue-billing,aa8fec15-2de4-46af-a911-1b49bcb4eb4c
issue-billing,ab14f58d-a551-4756-9a0b-15c11c7b880b
issue-billing,ac066106-d8a7-4d4b-90a1-f5ff99667529
issue-billing,ac781556-b7f6-493a-af9f-21dc2fe86d34
issue-billing,ac846659-b129-4bef-b654-39c9c7131b8f
issue-billing,ad5a5352-e890-4ec8-b763-3cd8c790ab3a
issue-billing,ad730d1a-829a-4dc4-9561-7e1cd07e2c30
issue-billing,ad9e7273-9278-4d8d-a229-13138f83206f
issue-billing,ae7f1da6-8656-4abc-8d2d-3730923fa741
issue-billing,aeb9b1c7-8b69-4f69-a3d0-4ae3afdcd16f
issue-billing,af1bba55-bc7f-4001-b3e8-eab24c10ed2c
issue-billing,af49a3cf-56ce-425c-9747-5ac060e3b0a9
issue-billing,af53cf35-c680-4ccb-b30c-cfd85bb61c57
issue-billing,af89d98d-47f4-4a00-8208-3b8c9182f854
issue-billing,b06534cf-f48e-4a2f-97a1-47e89c28554f
issue-billing,b0cef86b-f101-42a3-8bd6-4aa234dd1eb7
issue-billing,b177bf69-12ed-44e1-9f32-20ed821a028d
issue-billing,b20076f5-ef36-4e8f-9ceb-3bb031d16353
issue-billing,b208b665-f96f-432e-b582-0b0d3a26c864
issue-billing,b34163fb-4fd2-4793-9923-1356a8e171a4
issue-billing,b3b30b26-3c69-4519-9dbe-be62eebf075c
issue-billing,b3bba973-2726-42f9-b608-569b672af5ab
issue-billing,b3bc437a-6007-4105-93d7-5faeab786de3
issue-billing,b3f70c20-9f70-4640-93af-ba9e909be1b7
issue-billing,b41af437-7f29-41d6-bca2-d685283162a6
issue-billing,b5007d49-6a8c-48d5-b33d-37004c42fd3b
issue-billing,b57ce27b-58fb-4a54-ab17-455aa1d92349
issue-billing,b74c8547-4bb7-47d7-accf-027e2f2a2a24
issue-billing,b74dd51b-bae2-437e-91bb-33d25ac8d5d0
issue-billing,b7a4c13a-8438-4a4c-b0bb-4b4f0bd26ef5
issue-billing,b8843ed9-22a4-4bc1-8a9e-42b050709df8
issue-billing,b8fc5cd6-9e63-4246-9b08-195d17487a3a
issue-billing,b99487e3-9f47-46f4-878a-7d54b8435954
issue-billing,b9a54e3b-391b-4d6b-904d-e738e0b46428
issue-billing,b9a6e521-19c9-4470-8e33-da511cb066b1
issue-billing,ba0cda77-0e62-4f86-860f-97d98382bde7
issue-billing,ba27b535-3720-498c-811d-6909f02d4e28
issue-billing,ba2cc0ff-e1ca-4805-be07-5c9046c29c25
issue-billing,ba3505cf-7a51-47a5-a998-4d58544d711d
issue-billing,bb501d03-906d-4060-9aa3-8a3d40e0b6e7
issue-billing,bb555fcb-5c07-4d56-8a20-5dca2576bc74
issue-billing,bb931d81-b952-410c-a261-81e460eb088f
issue-billing,bbb52a47-f400-4968-a817-81332d9bd824
issue-billing,bc08a4e5-1477-470a-b666-a94532a799b2
issue-billing,bcc085de-f5e1-4d7d-8c47-416d66594516
issue-billing,bcdbfbc8-d745-4bb4-b2e8-fb8ee8693049
issue-billing,bcf6b061-b85d-411f-856c-d17ea0e70458
issue-billing,bd77b8d9-4041-41ef-afe9-fcca44dd1d47
issue-billing,be84cf74-541f-49c8-8262-fe6e9faedfb8
issue-billing,bf012e6a-0e48-46d0-911c-50056da9edc3
issue-billing,bf794196-2126-4d00-8dbe-37df2f26143e
issue-billing,bfdf4d06-3050-4fd8-b3ac-52e621eb55c8
issue-billing,bff8acd9-0462-45c8-a456-2a45d37f48e6
issue-billing,c03ddfab-a579-40c5-ba49-2b72a25770d6
issue-billing,c03ed05b-f232-47aa-88cb-9359e610b43c
issue-billing,c074a472-8e6f-4d76-9349-fc0b9b1def78
issue-billing,c0bc0e37-472d-4a9f-8069-b77d6c4f8d71
issue-billing,c102cde5-0777-4854-838b-fc47992c0d87
issue-billing,c17158d7-f667-47f1-b332-a16f1b91039a
issue-billing,c1b0cba5-f419-4e28-9c3c-072e510ec5b4
issue-billing,c1eea93c-c3e1-4713-9afc-3a1925491bce
issue-billing,c2577e9b-b407-4e76-802c-446662134d18
issue-billing,c351372e-4a5f-484c-a98a-5218e3361106
issue-billing,c374ef2d-3676-4c5e-a0d2-02242a254f22
issue-billing,c3963a63-88b3-456e-a99e-e53fcf878627
issue-billing,c417f4f6-ad64-44fc-9abd-6bd97ae4a346
issue-billing,c46f202e-0e8b-402d-9f7f-cbd05b982c54
issue-billing,c47fb0a3-2a80-40c7-be45-d7374e967cf8
issue-billing,c4a37e9e-769b-4cb0-82e2-128ddf4014bc
issue-billing,c4b4dd15-542a-477e-92b4-bf52cf5ab6c8
issue-billing,c512d442-4246-468c-bfff-147596bfa83b
issue-billing,c61ba022-6509-44a7-8007-9ab2c44cd044
issue-billing,c62dd87f-64b2-413b-9d43-0b68fb6f51af
issue-billing,c7101a30-63ec-49c4-af65-1dcc34de394b
issue-billing,c731fdfa-3607-4ffe-a0df-c9bd06c7e5c7
issue-billing,c73f6907-c206-4916-8957-2579c514b251
issue-billing,c7f6978b-ca64-47b7-9445-e21a5454a7f3
issue-billing,c8bbf129-071c-479c-90f3-6be63b4ecec4
issue-billing,c90306de-1421-4e08-ba07-1d06d856d393
issue-billing,c98d7689-1203-473d-9ddd-e09207754e0e
issue-billing,c9947205-558d-4140-8034-de0f424a2ba6
issue-billing,c99ac3b9-e4eb-4871-9980-4ed298cac2c9
issue-billing,c9b93bd7-bb30-44a8-a755-8a4728f84c44
issue-billing,c9cee2ad-866b-4eb7-8611-eef367ec74e6
issue-billing,ca0371a2-3af7-4815-aa17-52d00ebc9bd5
issue-billing,ca510be7-f229-431a-9767-e31993011673
issue-billing,ca54242f-391c-43f3-8abb-e6934701276b
issue-billing,ca655163-ce9f-483d-9331-3d9a95816284
issue-billing,ca84a708-5d73-4a2b-8463-a5d4469a9c0e
issue-billing,caa38043-c04c-4262-9a14-405fab533c94
issue-billing,cae9e1aa-51aa-45bc-8c45-b362d2b902fa
issue-billing,cb7aa5bf-e4af-48cd-bd09-20e5285486ee
issue-billing,cb94ba25-456d-44de-8ad3-23554ac7bf72
issue-billing,cbf00831-3675-44d2-a674-26e128268685
issue-billing,ccd7e627-aa7b-410f-aafe-b3863276be9f
issue-billing,cd278c09-f470-4345-a240-10c298b6abc0
issue-billing,cd65900b-b79d-4305-8b48-22df7ea1fa5f
issue-billing,cd6ebec9-a14d-4ca8-9a7a-c3a1f2494807
issue-billing,cdaecfc0-7eda-4bfa-95a6-d6b5019caf7e
issue-billing,cdd5c566-bc8b-479e-8ede-8125cf2c32b3
issue-billing,ce111f1c-f97a-45ca-bdab-72d93a82fe27
issue-billing,ce71ffa8-ed53-4bd6-b7e0-6af5be6a45b5
issue-billing,cf19f4c5-4b40-4248-9665-893b25e1379c
issue-billing,cf3965de-5518-4b6a-be84-ab8eb2c93c79
issue-billing,cf7426f2-73af-4f97-8d8d-a201c380f054
issue-billing,cf8cf71e-330a-4937-85f1-f71de0e834be
issue-billing,cfd10547-46eb-45e3-9142-71a532980c55
issue-billing,d00e762b-5f8c-40b8-8364-744151aa828a
issue-billing,d03bd0a7-1e00-4ec1-83eb-d3c3d3761317
issue-billing,d084db91-d039-4f22-a18a-c677566250d5
issue-billing,d09c3006-d00b-4f45-a87c-29bb6c3ff537
issue-billing,d10df4a5-faf0-4e0c-8e0f-397c947bafff
issue-billing,d146397f-4a94-4980-be00-ae9212eca3a7
issue-billing,d1522936-53f1-4a95-883f-52d4a630391a
issue-billing,d1c3a0e7-ce3e-4d22-8915-dfdcd3797b77
issue-billing,d1efde35-d2e9-4ebe-961f-1ccc8110d834
issue-billing,d2304505-b57e-49a3-9992-32362fe730ca
issue-billing,d24831e1-c4e2-4df4-a4df-bea3fcda45ec
issue-billing,d283b5c6-79eb-42b7-8bf0-b704bf965c5f
issue-billing,d32efa9c-f139-4f4a-b370-12bb0849322a
issue-billing,d34b6829-f54e-4207-be82-939dc8913a58
issue-billing,d370e58b-26db-4d7f-9a03-69f4f5cd84f4
issue-billing,d37e36bc-7d40-4466-96d7-ad82d6a2f20e
issue-billing,d3aefcc0-7469-4660-94d0-cf55a4d0a4a9
issue-billing,d3d511fe-8432-4f4d-a532-5fcc71df4fc7
issue-billing,d3f5af6f-f59f-4374-b2df-ae2b38ecd94a
issue-billing,d4840ab3-314f-46a3-adf3-c68f35f0b39b
issue-billing,d49c0ed1-f22d-49f2-b86b-47b70be0f652
issue-billing,d4c7c49b-6f2f-4914-ac48-f02e2f36a925
issue-billing,d5472f6a-d08b-4b44-b5af-88362c5e7c3a
issue-billing,d580fd6d-a25f-458a-a581-c892f9f9a3d5
issue-billing,d5ce8d7e-234f-4c0d-9dce-ca84ff023e4e
issue-billing,d5e6c5da-d95e-402c-913c-ad1a10281991
issue-billing,d635d6c8-460e-452f-8d53-6cd1ea804e98
issue-billing,d64f7204-a695-4491-86f7-d971f436d2ab
issue-billing,d6542e0c-3124-44e8-963e-ccadcfad47f4
issue-billing,d68e3c4e-22c8-485c-93a3-862072e1ead5
issue-billing,d6dfa1f4-8b15-44e9-92c7-68283f42ed2f
issue-billing,d6f82cc1-eac6-4ef3-b7b2-2e9fdb54a9b6
issue-billing,d732edcd-bfcf-45b1-b1c0-15c7dc352cbb
issue-billing,d75d0860-2d1e-4634-97a8-ca6ca63d9d0e
issue-billing,d84c3d16-81be-4d49-8585-82f73e1691c5
issue-billing,d85325a2-290d-46de-8efd-c14235e0f6d1
issue-billing,d8547479-f920-4eb0-8661-7faf3f8da23d
issue-billing,d894006a-3367-4221-9682-b2d1ffca8a59
issue-billing,d9636215-2490-4beb-91c6-f41a07834c7c
issue-billing,d9c7eefa-6b61-446b-8f02-dcc427ad4e7e
issue-billing,d9d4036d-6a34-47fa-90cc-652a827d73ea
issue-billing,da911020-2e76-4905-9338-c49929ddb6c5
issue-billing,db39bd49-4275-4c0f-8490-8e0c84d507e0
issue-billing,db416f6c-1ffd-4568-aca5-11ae4722bc51
issue-billing,db8faa43-d7ad-4f55-be89-03fb443c99d9
issue-billing,dbaca73b-b6e5-4981-a4ff-a5148746c3c0
issue-billing,dbec2870-92c0-4b85-8902-f68321bd12c3
issue-billing,dc29acd7-444d-4f42-b740-43b658c03f4f
issue-billing,dc2e7895-e13b-469a-8f37-d7c054c51c86
issue-billing,dc412619-bdf2-4feb-ada7-adff62293e3b
issue-billing,dcd431dc-eb7d-4e28-bc3e-88b76bff8c36
issue-billing,dd36565f-4390-4ef7-bed1-5c1f8537d26a
issue-billing,dd7ad793-cb90-4b47-9bfa-95d1ed6b0d3e
issue-billing,dd8818a2-f08c-465a-b77b-4cab4bf17b6d
issue-billing,de2ffdfa-afcd-4784-bda0-1557d7f95a9d
issue-billing,de99b001-f34a-469a-9441-3b7e55657398
issue-billing,df54181a-720a-4d62-ac58-187968e05a80
issue-billing,e058408f-8326-4368-9d91-75ff5645d349
issue-billing,e061ad0b-a25c-4808-8921-96d14ff23e9e
issue-billing,e08f0900-dec3-4a74-98a9-b3e772a5a05b
issue-billing,e1abcdb6-79d6-421b-9902-a6a0fd330e87
issue-billing,e25e2791-882c-4313-9838-1eb0a7ef6e0f
issue-billing,e44fc747-8826-4222-af19-9ab410e7dd0b
issue-billing,e4bdd332-7fd3-47c7-95ef-0d401ee06665
issue-billing,e5138ec3-1c3a-47cb-a646-f714c8e9f99e
issue-billing,e518ac2e-dd3f-4c5c-b52e-e2a83bfdcc12
issue-billing,e51bcefb-8071-4e36-9c57-87281443bd29
issue-billing,e58b3fd4-c4ed-4b0a-aa8f-9a42367969f4
issue-billing,e58baca6-e744-42f8-a3b5-b0438aa887ce
issue-billing,e5905ad0-34ed-405b-ab21-63eadad0e3fc
issue-billing,e5ff8461-d94c-4bcc-aa9f-96082cc41e28
issue-billing,e69ecc1d-5442-44c3-b9cb-d0144f5f3d3e
issue-billing,e75fa1d3-4b42-44cd-bf0e-6317f408dcec
issue-billing,e7a0cec2-aa69-466a-a453-96256204521f
issue-billing,e7dcde63-ac36-48d9-b69a-1deed783f21b
issue-billing,e7fb8d7e-33b3-4b56-b1ba-4ec42d923148
issue-billing,e8a47caf-064b-4ebb-9ceb-f17477e6c3a1
issue-billing,e8eff3e5-8189-414f-bf79-1b5efc20f0cc
issue-billing,e94b6b6b-78c3-49e9-ba7a-a0e4b9be649b
issue-billing,e9607621-a260-4f42-b078-9b0f85073ea7
issue-billing,e964d907-bd66-4fdd-bb86-a07b3f18afea
issue-billing,e9a34387-a2a7-4adc-868b-5207dcaec1aa
issue-billing,e9ce41c8-2c7d-4abf-b37b-fb55f390b2ca
issue-billing,ea2905d6-6841-4319-b71f-80128b125759
issue-billing,eac15289-856e-4b71-97d9-012bf18bb4ff
issue-billing,ead2b9f1-76d0-4934-b397-e2d11d0eff73
issue-billing,eb5852f2-a9d2-4c12-bc2e-807c7a1b0244
issue-billing,eb6f728e-8703-4ebf-8cc3-a0bcce4ba7d7
issue-billing,ebe01dd8-1efd-406a-afa2-17a3753ea391
issue-billing,ec30f513-78ea-4d5d-bc8b-786855ccc35c
issue-billing,ec7ec5d3-b873-4d11-ae05-4910b64f64e3
issue-billing,ecdb3113-e0b9-40b4-ad4d-4809088f7cab
issue-billing,ed329826-9bef-4f06-a49b-0fa3eb844102
issue-billing,ed610e9b-1cfd-4e14-a801-51eb543fcfc0
issue-billing,ed958e36-be9b-4286-837f-0fd62d4d3ed9
issue-billing,ef37f0dc-a1c8-4094-afa6-cec2eb635b22
issue-billing,ef494da3-fac9-4ced-a24f-85c81e22e4c0
issue-billing,efbb3a43-a911-4fc1-8a68-0d40438da223
issue-billing,f0e11bf7-6bc0-40ef-9fbb-a8b9cff64752
issue-billing,f1a66066-2291-4913-b79f-a66d769171b0
issue-billing,f1aae5bf-0a54-41cb-867f-67311190cc52
issue-billing,f206346b-3b78-463e-905f-9cb504634796
issue-billing,f208ecc8-f887-41ad-ad3b-303b480e37d2
issue-billing,f2acbcce-9ceb-46a7-9fbe-09ebf0c98a16
issue-billing,f36c8b32-1f3f-491c-bbc3-6b0f2222fca2
issue-billing,f36cd96b-90da-4fd9-95b3-0ef85c3a7896
issue-billing,f3a4c132-c779-4107-9514-49bec6a77687
issue-billing,f3d3b4c3-29d7-4e2b-b239-d8e9d3407834
issue-billing,f458a67f-e7b7-4ead-a2de-9766ea57ad19
issue-billing,f56c4cf1-e30c-4a98-95f8-c327304870e4
issue-billing,f5cc511f-ae71-4985-a737-1c0075156e2b
issue-billing,f6428557-c4ef-42f7-be48-47fbe03cfe66
issue-billing,f653b859-7d90-4e04-a887-ca1825027e38
issue-billing,f658dd7b-067d-4020-934a-967b808a2f4e
issue-billing,f66a61ed-c4f6-4e7f-8f3b-a4c0d9fbf6af
issue-billing,f67fefbf-9055-4f7c-a777-80446653997c
issue-billing,f6861ab2-84bc-48fd-87eb-7e655fefa61a
issue-billing,f6b4015a-50d0-4706-9a6a-8d002daa6b95
issue-billing,f7218ea9-a26a-4184-a839-2b42c37752fc
issue-billing,f7328293-980b-44bd-9de1-38f94bb2560d
issue-billing,f75ea6a2-a6ed-45b9-a04e-feb41f46521a
issue-billing,f782a3f3-b0c8-475c-a34c-cda0fefa272e
issue-billing,f79dcc38-a8fc-4e8d-8ca6-f1af68cdee54
issue-billing,f8b07707-144f-4396-b0ea-ce49df8dce6e
issue-billing,f8ccf2a4-90f6-4303-ad59-0ad13faa8c83
issue-billing,f93de059-3ea9-4aae-ab67-58225952ed9b
issue-billing,fa0cf08c-968d-40ba-afa0-a30223c680fc
issue-billing,fa15fbe5-08d0-43f7-ae0c-f174e1d69985
issue-billing,faa4b08b-2864-4e72-86f9-a373966f172a
issue-billing,fb776642-d1d9-4e02-bef4-e528ee73f092
issue-billing,fb90c1d4-f8a2-4e29-93d8-fcd9df19e66e
issue-billing,fbb8cab0-eb66-49de-9624-a06015514118
issue-billing,fbf65bcb-36c6-4a18-8d8d-643ca626fd57
issue-billing,fc03caf5-7a3e-4fae-8bb1-fd442038f233
issue-billing,fc1bab4f-d45c-4472-80c3-610957595813
issue-billing,fc72bd69-2124-4092-8e42-9746d0b2d311
issue-billing,fcb2aecc-9aa5-4628-85e3-2fb5356016aa
issue-billing,fd33f75f-ee60-444f-b7ff-01bb41be2366
issue-billing,fd93583d-058d-4c3d-a8cb-8de3c016aa9d
issue-billing,fe488940-abfd-4737-bf03-1c75fbd5903b
issue-billing,fe772771-0751-47f5-be4e-0702d8351daf
issue-billing,feac5093-ee6b-4572-a3d8-c7ca14407137
issue-billing,fef9e245-a867-4e97-b327-9c5bb44ac1ae
issue-billing,ff34d466-79ea-445b-b3f5-1dc6e0215516
issue-billing,ff66083b-1136-403c-953a-8d4a7ed01480
issue-billing,ff69491f-c0e2-428b-b64f-10ed38b92249
issue-billing,ff7a2f97-2603-4e0e-95c9-29fa03a803a3
issue-billing,ff91b91b-1a9c-4391-b4a2-d45200e746c7
issue-billing,ffb4c7e7-10b4-49de-96a9-be123e2d1a5b
issue-billing,fffcf09b-6ad4-4eaa-8a92-4994c805cb6f
issue-catalog,0026e92b-3e23-46e6-8c45-99817c8cb888
issue-catalog,00d9b572-673c-4754-9796-5dadc52936ae
issue-catalog,0193de3f-94ef-42fd-aa19-27114ea22942
issue-catalog,01e2b320-1c22-492d-84b4-13644ff5cc9e
issue-catalog,01e3ea08-f21d-4c7e-bc02-5cce2b546e1f
issue-catalog,0325394d-ff7f-4620-93f2-3878f52923f1
issue-catalog,0335ab02-832f-45ce-b827-092ef2aa6c50
issue-catalog,0658feaa-5bec-416e-b6b0-3de2a4c14580
issue-catalog,077aa0f4-e50e-4878-a9fc-736e0d42a2bd
issue-catalog,089b2fa8-4bcf-4527-a7b5-f0a8bcb920b3
issue-catalog,0b716a9d-85bf-4f4e-8e2e-be71e4a379a6
issue-catalog,0c628e32-c1e3-4919-8367-d5221baa0877
issue-catalog,0d28f052-7d14-4c47-a5d9-9188b1663103
issue-catalog,10712166-a9e7-4f7a-be5d-f45980b7296e
issue-catalog,11b4f48b-f0f1-4396-abbe-29601fef826a
issue-catalog,12440143-071f-4acb-a609-83d24d6dac27
issue-catalog,12b0406d-1623-4849-83ba-084bd7814449
issue-catalog,12f416ab-865f-4f66-bd0d-3b07784545be
issue-catalog,13060528-5cb9-49cd-9eab-d2cb0a73507a
issue-catalog,130c207e-cf91-452a-9d1b-3e3b663dafc9
issue-catalog,133e5e75-f71c-46c6-8749-520c8cf93e5b
issue-catalog,149c0fd2-79c2-4066-98bd-79ef070a8d16
issue-catalog,165b300f-9e0f-452c-8d6b-e9f83e31abe1
issue-catalog,1807cc68-ba99-4edc-b6f1-2a1478e69109
issue-catalog,1afa0521-fedb-4158-b8c9-0b1bf26941ad
issue-catalog,1c6f30f2-c558-4133-9caa-24899b98d1f4
issue-catalog,1d92f231-b70e-4423-9699-912776b17dca
issue-catalog,1dd08491-8f3d-4610-bb4d-c81aaf9c475f
issue-catalog,1eaabe5a-7cc8-49d3-a0e4-a67c3b5c9fe5
issue-catalog,20cb1b5f-89e2-4b77-a8b5-0cedb1370109
issue-catalog,20fa0140-0a87-4f71-8c86-d0a8ccd4e760
issue-catalog,2264145b-c219-4ab2-a4a5-e60e581311e6
issue-catalog,243ddfb5-7249-44a1-933d-cf4c0addd066
issue-catalog,27ed3051-0a6b-4c17-a1eb-5e0a8b046630
issue-catalog,28f45a66-8b5a-42a8-9a3a-11d6d07ccd52
issue-catalog,2ae7927d-cba2-4051-9016-f018a000cb27
issue-catalog,2d0508d6-6a43-478c-be53-79b93eda4dee
issue-catalog,2d7b2ebe-826f-49cd-a109-b0ab3bf52c2d
issue-catalog,2d8b667b-8006-4df6-a46d-8bc7860a370b
issue-catalog,2df9699f-1b0c-492f-9e5e-21329f23f9aa
issue-catalog,2eb9cd49-d2ac-4342-b011-e48c9f75dcf6
issue-catalog,2f82574d-9c30-4477-9fe5-7b6f562563f7
issue-catalog,2fd0d227-3466-4f6f-ad32-a2d5e614a7ea
issue-catalog,30793892-3729-4250-80a7-b3fc6789230c
issue-catalog,33057ece-af15-4bab-9eca-792782a14293
issue-catalog,334beda6-1fc7-45de-860b-9481f73c475e
issue-catalog,3392d969-621d-4091-a4de-5b8f00e3692b
issue-catalog,33b436be-acb9-4c86-a534-17ff256905e4
issue-catalog,371fcb4b-7ed3-4cdc-9b63-8501bac4eee9
issue-catalog,3731da40-923d-4901-9bc4-394e91c60b73
issue-catalog,38005fc6-66a5-4872-adc4-7fb2341c1071
issue-catalog,38999a43-ca86-45c3-a1d6-eed509bd0076
issue-catalog,3a25b7d8-d8fb-4169-bda4-e44a2d99c585
issue-catalog,3b31c0ea-c785-47ed-9d71-83d020e70490
issue-catalog,3b6de302-f933-4f34-9d78-8656d18d5166
issue-catalog,3d9e46ee-90f2-4297-ac2e-44835dc95458
issue-catalog,4036ab6e-08f6-4694-bcaa-639f2758fb84
issue-catalog,41115ca7-6cdd-46d3-b45e-bd677ff3af90
issue-catalog,416709cf-7aeb-4837-8b72-2cb75f40eb8a
issue-catalog,42bb8109-0bf0-42ac-a920-ef41008e3d77
issue-catalog,430d17bb-98ab-4941-950d-080e7ec55b73
issue-catalog,45127a44-de62-4b90-b622-7d46539ba6c8
issue-catalog,46f68981-970a-4d1b-ac76-abadf8b1a753
issue-catalog,4714f64f-5661-42b1-8fb2-7cd36e1e19f8
issue-catalog,47becad0-8ae5-4a10-9731-fde8f2091862
issue-catalog,49c6be74-4572-4622-abd9-e038baf10cc2
issue-catalog,49fef2ca-3aed-4fbc-b9e6-3acbcef8d056
issue-catalog,4b3ace8e-b199-40b3-8ad4-5c0580e38203
issue-catalog,4b5d97f1-c6b3-4afb-8edb-fd8577edbc6b
issue-catalog,4c3175b5-2499-42b8-964d-34267995b30d
issue-catalog,4ceaa4ff-d1c5-4f0d-984d-3e3224f4fa65
issue-catalog,4d313a9e-cfef-4236-b642-c9e9babdb633
issue-catalog,4db4666e-a16f-4a17-9b6c-dc6acea84f82
issue-catalog,4e11d1a3-14f2-4abc-9bc6-3b7acd1e9731
issue-catalog,50474b69-4d86-48e3-9187-cd86e80859ed
issue-catalog,50ec21da-e33d-4e49-abdc-ddf13664eb85
issue-catalog,51cf3389-b68f-4e51-86ca-4dc7ced82edf
issue-catalog,520c9ec2-a9aa-4e7e-977b-a39942734702
issue-catalog,56b40f39-4e5d-4542-a7d7-b63408627519
issue-catalog,598e9411-8b14-4389-9d13-55d99cb1b42c
issue-catalog,59f31721-b2c8-40c5-ba3c-b9fe64a58d68
issue-catalog,5d7d8547-24cc-4c9f-b105-45738bd04435
issue-catalog,5eb1e87b-2cb9-4fd8-beb2-424d58fd330f
issue-catalog,5feca8dd-8bfb-453f-9b05-6c37c4b551b8
issue-catalog,618d1dbb-0186-4537-923a-7b4dabf19afb
issue-catalog,61bf3f3f-036f-4142-ab47-54949d9980e9
issue-catalog,61f32bb4-d7e9-4d80-bf61-ce4f5c81772d
issue-catalog,62573e56-8185-48e9-9e02-7c57fc87baf9
issue-catalog,626e2bf6-d3a2-4bd8-8223-753fd7af4b74
issue-catalog,6488ed85-a8c5-4750-b3a6-ed86096224a8
issue-catalog,659aaaae-87d3-4eb5-9719-c18370455935
issue-catalog,6678b8f9-5efd-4ed9-806d-f70c3b5526af
issue-catalog,66874b3f-ee41-4272-83dc-59b55baa6114
issue-catalog,67091660-6777-4233-9acc-1c4d0271257c
issue-catalog,678437da-8b15-4ea6-b7ea-0454548c105a
issue-catalog,67b210a0-7a9c-4ef5-ab75-06ed9bf7bb4d
issue-catalog,6b41b4b8-ca0b-479a-9d4d-ea8b28df00da
issue-catalog,6cf1565f-8c27-48f8-b975-1dbbf4851c46
issue-catalog,6f4570b8-c6f8-42d0-954f-30dd3715c9df
issue-catalog,70eb9905-acd8-4237-a33c-ebe7b20ef6ab
issue-catalog,7191261f-bfe9-49b2-a666-e1dc355db29c
issue-catalog,727555ed-3c7c-4d7c-9138-5b54a1e073d8
issue-catalog,736de827-aae8-4cc0-8b18-cd04ab3ed489
issue-catalog,738137ed-475a-4a5e-bad5-4dbd78c876dd
issue-catalog,75ece737-ff41-4901-80b6-32bd09269ea1
issue-catalog,77248c0b-7f51-4b30-b508-da39f83fd3a4
issue-catalog,77f8469f-6d0c-4825-94b7-488399080638
issue-catalog,7899d93e-0c1c-4407-b9f6-8c55db24fe00
issue-catalog,78aa55af-7a7f-4452-9deb-9004a1da7abe
issue-catalog,793b3a5d-5741-4102-ac6a-5c13c544ef79
issue-catalog,794e324a-2735-481e-93f5-4219fb25bfc7
issue-catalog,7a649dd5-7f5d-47b6-8ae2-f1ef21be4ffc
issue-catalog,7c5d9a4d-1bb1-4da3-bc3b-2500ae0246f1
issue-catalog,7e48d694-0704-43db-8926-8861bfe719c4
issue-catalog,7e5dc7cc-98be-466d-9c0b-64b2b4fe4448
issue-catalog,7f27bbab-ef19-4fb1-80d8-cd014da3e002
issue-catalog,804ca517-0a3c-4d34-b5f0-b9d10726bdd2
issue-catalog,80ed4cbb-496a-4dad-8160-520bffff9ccb
issue-catalog,828498c3-fff5-4b7d-a3a5-e1d532077bdd
issue-catalog,82c2e26d-a08d-4a50-9aed-d36e472cc3f6
issue-catalog,852896fe-e12b-4a48-8009-07ec96ef2014
issue-catalog,887f9f2f-c870-4731-b4b1-38e5a3ce24b7
issue-catalog,892d2126-e916-4b56-aea6-e6c82530d51b
issue-catalog,895b160b-90ba-4520-bb5f-e41d1a716df0
issue-catalog,8cc128df-aa23-4745-a7a1-36c473492545
issue-catalog,8d1e300d-a203-434f-a576-5f05b1b50b38
issue-catalog,8d93e293-f545-4073-8dbe-23729af3d436
issue-catalog,8d9c82ad-a9e8-47a3-85a2-460d4c85ba11
issue-catalog,8f65ed5a-1fc0-4b66-8124-fa4f1cd4f56d
issue-catalog,98036036-2a09-45dd-b4cf-e33c1576b9f9
issue-catalog,98116053-de9e-4f06-92f6-0b0d639ee888
issue-catalog,98eb3d8e-ea6e-4049-8aff-9fdc9c0a7b2c
issue-catalog,9a660349-fb02-4c6a-8e8d-8bf47d87dfbd
issue-catalog,9ad594fe-ea5d-4cad-8744-a07c26cc3de4
issue-catalog,9b275c3c-b894-46a6-8436-443cfdd87731
issue-catalog,9d9d9220-7236-4f31-a6c2-d984a132d264
issue-catalog,9da93ec5-e355-4c37-bb2a-832780a83ac2
issue-catalog,9e887aaf-cac3-4c03-b273-69fd5c88746c
issue-catalog,9f3626e0-1bcb-4788-a412-f812102502d1
issue-catalog,9f7a013a-082e-4ec1-8a65-a1e0a0395d20
issue-catalog,a245c3fc-4209-49b2-a11f-8f8aaafeafbf
issue-catalog,a7353811-9bcc-4c49-ab4d-f2b924368f5e
issue-catalog,a84112b1-646c-407b-9065-3a06d6955492
issue-catalog,aaf966c5-0401-46e4-ac2c-8476ae6a7014
issue-catalog,ac83be5c-48fc-4447-8040-56d14cac2b5a
issue-catalog,ac88bd97-b0a1-480b-a321-f8a776f666eb
issue-catalog,ae5c8ae7-9404-44a6-846d-e3cd46ae0998
issue-catalog,ae8b8562-09f4-429f-b625-433e831b1a68
issue-catalog,af3163c9-6ca7-44ba-ba5e-1a402716968e
issue-catalog,b0394519-5d31-4c7d-af77-85b169a702c6
issue-catalog,b634a89f-7049-42e5-8865-ba6621f8a81e
issue-catalog,b704390f-02e5-428a-8f79-1eed065584af
issue-catalog,b74cd3b5-1308-4af3-8969-8d5f4dd5170c
issue-catalog,b76be87b-07db-4fbc-9fed-bfa14fe9bba6
issue-catalog,bacfe678-e23d-4486-bf1a-bbf1058cb32b
issue-catalog,bbdc07f4-bb48-48c5-8163-b4c181d85d75
issue-catalog,be4ffc58-c9cc-4b37-83e8-aba9c63e8e51
issue-catalog,bec8127c-3880-4f4f-87aa-69f95b704826
issue-catalog,bf8292c1-d2e7-4b15-ae9f-511e8f006be5
issue-catalog,c1244074-0568-4ed2-a8f8-92122d0d46bb
issue-catalog,c1e7756f-8e08-4298-bd6b-300082f9ab98
issue-catalog,c46ee36a-6a36-4bbb-85f5-4d5d1b04aef8
issue-catalog,c4f44720-b88e-4443-9fe3-9a033ec48244
issue-catalog,caf4eb21-e9dc-4d5d-aa33-d91b3f64d83c
issue-catalog,cb4f0532-83e0-4a15-a019-cd40d0a425cf
issue-catalog,cd6e72d0-a446-4097-b99e-1d8d7e66c114
issue-catalog,cdd613c4-9cac-45ed-83b3-88be4ad48c84
issue-catalog,cdf370da-8263-4661-b47c-6f46432c3c78
issue-catalog,d028c830-b08d-4e81-be02-12da5275aef3
issue-catalog,d218ffde-42f9-48f8-a793-832507454b35
issue-catalog,d48a4890-5eae-4c99-8658-36a87059137f
issue-catalog,d4bff5d3-3239-42e3-bb26-87cae8dfdf86
issue-catalog,d67dff6e-7700-4427-8c00-1869f869a0a5
issue-catalog,d68429ae-167d-45a8-b8fd-bd8da2cc93a6
issue-catalog,d86d5f35-d5e1-4802-8ea8-b728c52eaf0f
issue-catalog,db03946a-8639-4814-91a8-eeb9554269de
issue-catalog,db9f4905-911b-4b21-be81-e766f6835a5b
issue-catalog,dbcea27d-d062-4cf3-9b93-260b3a5abc3b
issue-catalog,dc874ca7-4a3c-456c-8957-b5043328d536
issue-catalog,dcdf7cf9-6eca-471b-981a-45ffbf9d93b2
issue-catalog,e0127547-4edd-44a0-8d5e-e8398bc07086
issue-catalog,e047aff8-38b3-4728-831b-4c47c4517f4c
issue-catalog,e0f4a4de-72d4-4f0c-a9bf-e79f1ecdb02e
issue-catalog,e2ab3a07-c30e-4d80-9fb5-f209e626a9a6
issue-catalog,e3dc5fc3-8752-4f81-979b-bb7364f4f855
issue-catalog,e44bf9c3-8e60-4b0c-9133-ab5d3a8e003a
issue-catalog,e4db78f9-0502-4de1-b308-e5c023f5e54d
issue-catalog,e5867a52-b4c3-4dee-983f-56fc6e0620bd
issue-catalog,e5c7b8f8-93a2-4e65-90ae-a2d4908c3b05
issue-catalog,e8c52d22-52ab-41c5-b3e6-a9f8fa43a49b
issue-catalog,e9e258a1-88db-4ce1-8aba-6934cff3789c
issue-catalog,ebf92473-2e3c-4b86-9186-58d67b25ac73
issue-catalog,ec1a9ce1-e073-40c0-bb86-4fb1f8c389e8
issue-catalog,ed3a8395-fdd6-4aa3-b7cc-90c7516fc367
issue-catalog,ed8efdfe-43e3-4baa-bbed-317807663531
issue-catalog,eeecb368-dddc-4414-984e-47f01709e23f
issue-catalog,ef1f0893-c367-4789-92a2-6bad340c00d7
issue-catalog,ef730aa8-289b-4622-ba74-a5eae0e8215f
issue-catalog,f0f43625-382e-40f7-9c98-9efed68a507d
issue-catalog,f1864f98-2c21-4e17-b0fa-8aaa22cf94a5
issue-catalog,f29918b8-2686-41fb-840b-f9c423cb5042
issue-catalog,f29e8bfd-7773-4f4e-8863-6d829fc6985f
issue-catalog,f412114f-1f93-4837-a579-490a37e8f187
issue-catalog,f5cc272c-caa4-4433-ab5d-7c4e7f08f54c
issue-catalog,f6a0e495-bc1c-4899-b178-66d32f2045e1
issue-catalog,f934e939-1234-4f6a-8714-7af05f495e28
issue-catalog,fb4c21ae-6e1a-4bbd-b984-2ffee672e3df
issue-catalog,fbd39a8a-5638-4c96-8de3-fe178a102f73
issue-catalog,fd8c6b97-7155-491c-bcf5-2f7dd289d2a6
issue-catalog,fd96fdaf-52d1-403f-a770-5ee2921a536a
issue-catalog,fdf9597a-3171-4dbc-8da6-0837995f3af1
issue-catalog,febab42c-f8d5-4811-9a01-8a06fcb3a6c6
issue-catalog,ffa377ae-d7bd-47cb-b76a-b38fc6f4a1b6
issue-downloads,001f80a8-7beb-4682-a373-e3b46e0d2227
issue-downloads,04ced327-f970-4e77-91f4-4df856b95a1f
issue-downloads,056236f6-68cd-4fa5-9df6-c1dc42b12eed
issue-downloads,1492f229-1428-4390-9a1d-5b3f6dcfdc31
issue-downloads,1a107494-89e8-4b44-8f4f-952af547c210
issue-downloads,1c115a68-2c92-488f-bbfb-28c28fa4bd94
issue-downloads,1d3f978e-b31f-4a4b-ab17-ec46ab4966b3
issue-downloads,1f13c3a2-e57b-460c-b569-964e6b2b1f31
issue-downloads,27d60da3-2cc6-4c81-ab35-ba70ed419683
issue-downloads,2e643b07-9126-4fed-bb00-3c0102e62bde
issue-downloads,2ec69f89-936c-4c2b-8ea3-27b0d276b1ae
issue-downloads,2ffdf599-a0d5-4c01-bf26-025215d44c06
issue-downloads,3569509e-6d73-47ee-8146-72959e672385
issue-downloads,365d1919-8fe9-40ce-ac7c-ad90d1217f41
issue-downloads,3852751f-f95d-422d-a6de-16748715e4ee
issue-downloads,38a32c3e-29b4-437e-bfe5-db6c64ed90cd
issue-downloads,3eae78c9-2cd0-4bb3-9c67-4a0ef79edc3c
issue-downloads,3f53e03c-1af5-4777-a8b9-941f9479fdcf
issue-downloads,403cff42-dcc9-4432-b80a-796d78fee3fb
issue-downloads,466edd18-60d5-4c09-a014-d62409b4e416
issue-downloads,48bb15ce-f251-400d-9889-cfc6f740eb2a
issue-downloads,4a1c23a7-1c6a-4ff7-ae40-1225b3e35f82
issue-downloads,4a8ed1a8-9bb9-49e4-b6e1-4a15061cd4a7
issue-downloads,4c40159b-9397-4e9c-b843-1160dd29662d
issue-downloads,4e794d28-3166-4c25-ba36-75f4b438822f
issue-downloads,4fa17991-f6dd-444c-9878-26055a48280e
issue-downloads,53d17bb6-2ab8-4b4c-b19e-50c84736f0b8
issue-downloads,5a4a0f00-ce5f-448d-8425-48eeeba76b4d
issue-downloads,5b91542a-7cd2-4299-8ab0-b9ebdb1129d6
issue-downloads,5be3399d-dcd2-405b-a931-29b02ffc966e
issue-downloads,5c3b9ec4-abee-4823-98e8-aa124646d911
issue-downloads,5caa9852-09b5-4a86-9a50-ba9417d75134
issue-downloads,6100b2b3-8209-4e99-b7e6-0a3632a5bd75
issue-downloads,616fa96d-6e23-4527-b4a4-71d669eaac25
issue-downloads,6529f5d1-5ff9-491d-bc79-6fc455c94fd5
issue-downloads,6776233d-55bf-4279-9360-41d2e138dde5
issue-downloads,720f0e7f-a16d-4f5a-9172-ed122e0d8d9b
issue-downloads,753d8dc2-954e-4c88-8fc5-7d71a3b0b3b2
issue-downloads,794d0d73-f0b6-4c70-9eff-f73d669c18af
issue-downloads,7c4ec78c-abda-4095-a707-ba9b9f3c5e63
issue-downloads,7f0e510a-b329-42b2-9df1-f83e22aaabb2
issue-downloads,7f3f4bce-152c-4362-9d21-f0975c2e0d4b
issue-downloads,804443e7-7a77-49c3-a4ee-4651cb557314
issue-downloads,80bf91ef-3aea-410f-9635-a74f804912d9
issue-downloads,80d73a7a-01d3-4f5c-a8c1-cb2c248806f7
issue-downloads,8421d917-b3db-46e0-aed4-875ce466fa35
issue-downloads,86a5ff4e-1ed5-4cd7-a73a-b27518b0d34b
issue-downloads,8745b7ce-3811-40b2-849c-41dec62ed73a
issue-downloads,885ac0e5-898f-444f-9f4b-34b05d9c62d2
issue-downloads,8a69da4b-b65e-402f-99ed-36dda5717b03
issue-downloads,8c123311-a158-4864-9603-582f3c34edba
issue-downloads,8ea3b8f7-2375-4af8-9436-6af9901df4cb
issue-downloads,91ad5e92-f927-4b59-bc5d-e7f0fbb49277
issue-downloads,9397488c-6376-4fb9-9b34-747fc7559df9
issue-downloads,93de662e-03cf-4d1f-a4ab-e2e51307f2ed
issue-downloads,97f9e978-7361-451e-9732-a2a00cd74404
issue-downloads,98f1242d-af56-4fcf-acd8-2cd10fd78576
issue-downloads,9bd56c81-e3d5-41b3-a66f-88440a4d728d
issue-downloads,a07f8e68-305a-482b-97ba-2a0d99337ccd
issue-downloads,a405a67b-b1f3-4e53-a556-2ebb765c21fb
issue-downloads,a588c1c7-c7f7-4d81-848c-68fc202b8dad
issue-downloads,aab09ba8-313d-4909-9dea-654acc2b1c39
issue-downloads,ab8d0dba-fdb4-45f4-aaf0-8e9f701c06b7
issue-downloads,ae9dd3a4-4983-4193-ae4f-f5c7c96c93ba
issue-downloads,b03d6dc9-449a-4647-b112-559186656759
issue-downloads,b845ff5f-3b14-4f40-bbb3-637618843569
issue-downloads,bac8a2f6-fe06-4e11-af0f-a50a32601a58
issue-downloads,c1d5142d-acf3-4019-b81d-5e5999cdfa45
issue-downloads,c5fb27a7-c193-46f0-b574-3bc119547554
issue-downloads,c64af4d8-ac17-48fe-ae38-fd54b41b16b1
issue-downloads,c92258cc-062a-49ca-b967-62ff0847bb36
issue-downloads,cb3810a6-4b18-447d-a352-a7d8bdf39be1
issue-downloads,cf2baf33-8df1-4018-9922-b09e556e3c4b
issue-downloads,d0956107-c0ca-4235-85ab-683b0d6064c0
issue-downloads,d3249b88-8617-4fb1-b9aa-32a0f513af51
issue-downloads,d4a7c59d-1561-48e1-9ed8-2fb538f45ca3
issue-downloads,d4fcf3ee-8e5b-431e-ac05-6c6e80812b47
issue-downloads,d54583d1-4467-45ef-a687-2ae45945ae1f
issue-downloads,d5e78e97-3349-4dfa-b83a-9432b0728893
issue-downloads,db3c28f0-9c0e-4658-a0f2-eab69f540cd0
issue-downloads,db3e2111-a1a9-46e9-bb46-e1bc54356901
issue-downloads,db5ee55c-fb51-43c2-aabf-3913818bbce0
issue-downloads,dcff57c6-abd6-413b-b255-aec3dc34fcbd
issue-downloads,e2f97c41-f1a0-4155-820c-ca78a80b917e
issue-downloads,e7531ac2-74fd-421d-b960-ecd243931ca2
issue-downloads,e825690b-d260-4eda-a6b4-0df0ece8ed6b
issue-downloads,e89ed60a-b50f-4e8b-90f4-3012ac98bc9a
issue-downloads,e8b8ced6-5849-4be4-be9a-18a4c7c7993f
issue-downloads,ea7e7a97-98e0-48d6-8e3d-436b5f94aa81
issue-downloads,ecacb0eb-19b5-4a3d-898d-1daa8d6411ed
issue-downloads,ee983e94-fcf6-47f2-bb23-25b202e0a804
issue-downloads,f2ce871e-e45b-4f17-bf0f-b09b6a0e9b79
issue-downloads,f3c1f73f-e1e1-4578-97e4-e2d9ed97b2ec
issue-downloads,f4005b4b-057d-4785-9627-f450eb913917
issue-downloads,fbbd7971-0279-45de-ab2c-468e8eaec8ae
issue-downloads,fdd8c8d8-ac78-4607-a38d-634c06b39cd2
issue-other,000b587e-b833-476b-8063-801f4ef36672
issue-other,00363dc8-2117-4565-9af9-efadf8fa90cf
issue-other,0038eef5-f6c2-43f8-9cd6-e5bf379bf5fb
issue-other,005d7110-a229-4ede-b1c4-384966e49804
issue-other,009c6c08-daea-4b18-9819-18d2f35b46ee
issue-other,00ed67ab-4abb-4ffa-9294-e62025bcbbaf
issue-other,015a597c-9f46-41a4-99fa-6caccd6598c8
issue-other,018253e3-b9bf-4840-bb9b-c74652daf443
issue-other,01ba51dc-c317-4f2a-a6fb-6160824d0793
issue-other,01ea085f-f5b3-456e-81db-bd42c95213ef
issue-other,02415977-8057-46f8-8bc1-20806b6136ce
issue-other,024684a5-f282-48a7-a254-60077fe9fa7e
issue-other,025fe321-b3a7-4651-8bc2-76ed3ada939c
issue-other,02777996-211f-447b-94c4-99b61f049f78
issue-other,027de89e-8a04-4a99-bb68-7894d8c2909a
issue-other,02c305a1-7ac5-4e2f-a10d-ed1ebc945e93
issue-other,02cc2c27-8eb7-48cf-8eb7-e894965c81d3
issue-other,02db131c-1164-447d-9903-9d2e64e2ac34
issue-other,0300445a-7502-40e2-8bb5-fac3e90703a9
issue-other,0358dca1-323e-425a-9c2e-b53044f5a7a0
issue-other,037b897e-8df6-4d5e-8e80-d966f21dd8b3
issue-other,0404b73a-0fa0-4912-9715-943bea69ed89
issue-other,04d434ef-aef3-42d6-a4b6-48dc20da0bb0
issue-other,04fdded5-14dc-4a85-9df0-9d990c337f4c
issue-other,052f6845-4524-4b6e-9138-fe9e0fa6ebbd
issue-other,05443bfe-68ad-491f-8b80-f5e8a1d1340d
issue-other,0556535f-8d66-4459-af6c-baa42be63476
issue-other,0575ce08-ab04-46f0-aa8a-fbf9cd27e8da
issue-other,059faa56-3a35-4fa3-bbf9-729e58a7237f
issue-other,05a58209-10fd-461f-a469-e3dc4586bdc5
issue-other,05ba5c2d-0dcf-424e-8f88-930c9114fd83
issue-other,06a45bd5-3ed9-43af-b7f2-8b9487e2ffff
issue-other,06d2cf14-898f-46b7-8bb5-959f3235ec9a
issue-other,0749015c-5709-43be-bff1-0b4bd577d821
issue-other,07525e69-6655-43f2-b3cc-b21df105417d
issue-other,0767ec86-0d81-4e8a-869b-81622fc01507
issue-other,077fbf8e-f439-49b1-8c40-c23d50796371
issue-other,0782e55a-1922-498b-a216-6b7574ac656f
issue-other,07ac9743-774f-49bc-a3de-c7509809d94e
issue-other,0804d361-7396-4415-ba79-d5cdf7d26441
issue-other,082c03d4-b235-4030-bdff-f9265f7f21e8
issue-other,0873c68e-7198-446a-8156-c0a85a0a8bd9
issue-other,0874939f-41c1-42cf-878f-f54845d524ff
issue-other,08d21b2a-d091-42e7-8e3e-091d839d0d0b
issue-other,090f9cdc-1ff9-4d7e-aa1c-d6b146615f3d
issue-other,09172549-fc10-4109-b994-c2022292ec10
issue-other,094e37bf-4a43-4266-af1b-ad6aba90c6b7
issue-other,099996fe-6fcf-49f4-b5c2-fda2a7f0c782
issue-other,09a1bb8c-2a66-490d-b66f-cfa448f7154c
issue-other,09af555c-9517-4470-9e9a-f82491206c85
issue-other,09d275cb-1758-4c3a-83ae-84c39699a984
issue-other,0a34044c-6493-4c83-86c5-a48a101b99ca
issue-other,0a4c42cb-9cbf-4490-86bc-3b78003663cf
issue-other,0aa1b2c5-7417-4408-9a3d-a9c21a1e149c
issue-other,0ad142a3-5f2a-4a96-888c-6b87bdc2adfe
issue-other,0b12768d-49cc-4d1c-b553-50c55f027022
issue-other,0b2901a0-4272-46bf-a756-1377941ef8ee
issue-other,0b313093-d7eb-4a92-b320-db4c47a83c08
issue-other,0b44c1dc-0ab9-4f66-9046-8b7ef8478522
issue-other,0ba6f2c6-ce05-4ba2-834b-867e6ad84310
issue-other,0bd0604b-acb1-48f0-896b-b2620d58a1a5
issue-other,0be7b8df-9bfe-4923-8b1a-676f43bac19e
issue-other,0c1272ef-8a71-49ae-9d8b-57fa4e9b95c9
issue-other,0c17804c-7da6-4d85-be3c-88c60a92ec57
issue-other,0c6cbd53-48ed-4153-9e94-514b2e856ede
issue-other,0c79a130-1e91-4052-896d-fb9760377e79
issue-other,0c8a456c-f13e-4707-b91c-43cb59a5f60f
issue-other,0c97ebc8-9492-41d6-890f-04a7737db6fa
issue-other,0cb5662f-1286-4501-8896-8099f47604b9
issue-other,0cb5d845-b323-42e8-a619-85ddf52e292f
issue-other,0cf8dde1-a00f-42f5-97a7-afe05b92ee3e
issue-other,0d4937fe-df40-4ed3-9c9e-bb69913ee1bd
issue-other,0d4dc956-9672-4734-baf9-14f6ba505b48
issue-other,0d7ff33b-d6cc-4d7a-a33d-340aed8718f6
issue-other,0d9c62d1-2b53-4887-8156-a28eeac86e82
issue-other,0e2f5505-2048-49d1-8863-44923edbe7a4
issue-other,0e4b40ff-1fc5-4cdd-8102-a22d5af5419c
issue-other,0e52fc2b-1ebd-443f-bca2-afca06551fe1
issue-other,0ea3b30d-23a6-4c70-a191-ec0fa67cfd36
issue-other,0ea8ea9c-917c-457a-b97d-9d8dfe2b82e0
issue-other,0eb92614-5580-41d8-a940-d3fec7c4dedc
issue-other,0ebdeb7e-3284-4ddf-ba2c-7765a492a0a5
issue-other,0ed90e01-b1ca-40a5-a0a2-4660c0fdaf60
issue-other,0eec9cb8-fb00-45b0-9e6f-0983d170399f
issue-other,0eef8496-affc-401d-b0c4-75ca2861738a
issue-other,0efa0298-ed8b-403b-85cd-62efdb83cec3
issue-other,0f33a2b7-4a80-4b8c-bd67-5cdd95c5967e
issue-other,0f4f67a2-6119-42e2-b14b-58e36e198cac
issue-other,0f659e17-7323-47b6-8661-675bc168c4a8
issue-other,0f7673ff-4270-4de0-89be-b66cf50fe2be
issue-other,0fd9bd16-f02d-4fdd-8e02-ec8a3bd3aec9
issue-other,0ffa5006-c03e-4239-85f8-05381a605766
issue-other,1004158d-b165-4ff0-854b-bba5a1e78f08
issue-other,102624ae-3181-416c-9dc5-917adfbbbf8c
issue-other,10838e00-1714-47c6-91f4-e4b5b8e142c0
issue-other,10ac610b-eb8f-4df0-855f-34ef3039f982
issue-other,1158ea3c-7785-4065-b6c6-be3643e726ed
issue-other,117bcd38-f2ef-42ea-b4a8-395854f40d30
issue-other,1220a791-1887-4a60-b23a-9f6401bc7c01
issue-other,1271a4ba-59d2-4325-96e7-a9ef7caca85c
issue-other,12c34d9b-a093-4ff1-a4e0-f6b855ec5313
issue-other,12db0088-0f5d-4293-bc67-e7635de57b91
issue-other,12f538e2-023f-4173-aff5-d91428c31c5a
issue-other,130820bc-da31-46d3-9088-b09cb62cf241
issue-other,132a67ce-b5c4-467c-996a-179c2ce09698
issue-other,13845fff-ccbb-4c56-be66-77d4a33c69f6
issue-other,13aaca55-cd33-4b4c-8c95-7f2dd9b03062
issue-other,13fba3d5-5c4b-435c-84e0-8d307bf4b118
issue-other,13fce7e7-9483-452f-b14e-867ff49e2113
issue-other,141becdf-d093-41c3-acfb-eec092950ea2
issue-other,14643011-5ee4-40b4-8b72-19b834294902
issue-other,1480e8d9-c41f-4ae3-b031-c5ccea9c799c
issue-other,14a5b8b7-eae3-444b-8c1a-223ea468f980
issue-other,14f2ea31-7290-4aa9-861d-bb60bcba652f
issue-other,155150d0-70c5-489a-9acd-092174d79b0e
issue-other,159a4db5-960c-46aa-8097-65c6cbd10ba0
issue-other,15aaf833-d573-44e5-be53-b06445d22fa7
issue-other,15b21042-0dd9-4539-b338-498627d6468b
issue-other,15cfded2-8d83-4b48-b562-8a50db810d46
issue-other,162fe03a-5ec9-449e-bb19-c843745e0858
issue-other,16e8e2fc-df00-489e-b11d-e609e330adf5
issue-other,16ed7fb3-2113-4e2f-992e-bb4e634a18f1
issue-other,176cdc24-1a8e-4cf7-a1e9-546e7b21dac8
issue-other,17718b2f-617c-4349-b0d8-483762eb6cef
issue-other,178c3b49-b689-4fe4-92a2-2257a58e6d95
issue-other,17ea1fa1-e90e-4db8-a54a-6f4e189eebbf
issue-other,181b7968-1a07-4d27-94a8-d30f8159b7a5
issue-other,1849be6a-17f9-488f-9f4d-990d55034e8f
issue-other,18c2867f-53df-491d-8831-05dd214023ce
issue-other,18d4f1ed-d1fc-4702-bee7-ddc22ec385a3
issue-other,18de9eb4-8a9e-4f1b-9fc2-3df46606d98d
issue-other,18e104e3-493e-476e-bec4-fc87b10de930
issue-other,18ffa5ee-7da1-488a-9606-731680cd2d64
issue-other,1912ae4f-0b7e-4d31-86a5-5ad6b8c4be3d
issue-other,197f2c4c-0b37-4c46-8762-b45640fe6ccc
issue-other,19ce512e-03f5-49c9-ac93-660dabce624d
issue-other,19effee5-bf96-4313-8cf9-1ac996c1c4f1
issue-other,1a051eba-4f90-4bf5-b89d-efb1476078c7
issue-other,1a424d7e-1eb6-4167-b98d-9ec5fb95d549
issue-other,1a9b5492-4dd5-4cc2-bb87-8beaff7d30fc
issue-other,1abf88cd-4df9-4103-b1fa-523456d572a0
issue-other,1afb6c8b-93b9-437e-9aa6-dab271141255
issue-other,1b0723a2-4124-47f9-b1b0-15d12095c5f7
issue-other,1b0bb83c-0c29-47c7-b329-b77ff77b4c45
issue-other,1b0ddca9-741a-471f-a3e3-e1002e954723
issue-other,1b4e73d8-4c81-4864-92f4-217484dbada1
issue-other,1c3492ed-cb04-4103-9a22-26bf6bcc8a5b
issue-other,1c7fb3f2-83db-47b3-aa8e-c9fb1387c6c7
issue-other,1ca850b5-4a20-469a-8605-b018240b7b46
issue-other,1d9633c4-8cb0-4cc3-9c8d-bb99b9ece7ed
issue-other,1db044db-d184-4335-877c-d8fc364b282e
issue-other,1e49fea3-cd54-4866-86e2-d7bc2115f10a
issue-other,1e960eb0-17f4-4211-8c7c-bc0a6d98168d
issue-other,1eda4f04-38b7-40c9-955a-b3d7a3d295e6
issue-other,1ee942bb-a3de-4380-8c08-a15949687c6c
issue-other,1ef0a52d-0811-48f3-a03f-eb441c3ca1e1
issue-other,1ef1f37e-8e6d-481c-9c5b-0dc9320db8f7
issue-other,1f983dda-36af-4b47-a794-ea7788b8835d
issue-other,20115590-f669-46fa-a7bc-99033fb50b64
issue-other,2037ccd0-4957-4d55-bc86-55eeab9a80b1
issue-other,2044452d-3395-4859-8dbc-925c590a4db8
issue-other,2053d2a6-f6d0-48e2-a54a-4649e2285cc7
issue-other,205b6b4d-ae8e-4b37-b875-502ef55a26d7
issue-other,2101f41a-94a6-496c-a472-a4896dc00295
issue-other,21886bb5-e950-4790-a709-dfd37355db67
issue-other,2198a909-64b6-40d3-b38f-77ef28cadb70
issue-other,21c1a889-0c42-48ad-ac5b-fd81febf8708
issue-other,21d8dedd-90b5-4294-9386-67ddd8b37282
issue-other,21ddfe12-8433-4bad-b0f8-e7f605c056ae
issue-other,22563046-de19-4f0e-8f56-5fca8f4acc1e
issue-other,22682a19-11b7-4143-aafd-5f9dac87f729
issue-other,22a50151-9250-4699-b993-d7111396551e
issue-other,22dd1be2-726a-40d7-bb1f-98b9a46ad734
issue-other,23034521-9580-42ca-a671-2f81eb6e801f
issue-other,231e1d76-a723-46f1-9261-4c0386aa9929
issue-other,2323e42d-a4c1-4b98-87f9-3b81b611f2bb
issue-other,236c77f8-b611-4cc0-be90-19d0bd6f7ac2
issue-other,2373afb1-ea91-4e94-880a-be38a55e7b90
issue-other,23865f03-efdc-478e-9d55-c3f70959bc70
issue-other,238eb4b6-9241-4988-badd-4437ef0be193
issue-other,238ff342-b1ff-426e-9dd9-c49fc26a69e0
issue-other,23a9effe-b895-473d-a58d-a2648a56d5da
issue-other,23d0c83b-b96b-455c-8ce5-9d933479d39d
issue-other,23ec0eeb-5bb6-45a3-a4ad-36fde230494f
issue-other,24b3dc19-6134-4b4a-a48d-807c79bfde08
issue-other,250f7496-03e0-435c-b67b-246a78747745
issue-other,2512a018-2a02-42ac-be9a-288eb90c2497
issue-other,256cbcf6-939f-4dd5-b3a3-65ddd02764de
issue-other,25d28152-46bb-4046-8ead-904478fbfa05
issue-other,263885b2-8240-437d-8ba6-c09471c052fc
issue-other,26996bb2-1c44-4ee2-83ef-f009521fb021
issue-other,26a027d0-c859-46e8-910a-c57f8a32ff7f
issue-other,26b12ee4-d554-4f43-92dd-ad29ac1a2343
issue-other,26bcd518-93be-47ae-8af8-d72c7ea903f5
issue-other,26d6f7c1-f96a-4838-9dc1-6a678fd41d85
issue-other,26e8e7d1-69ae-4a74-b86d-3c1a81ebc93e
issue-other,26ebc91a-2790-4bea-ac63-4edb9f996394
issue-other,27015f8a-07d8-44d3-8498-b8c02d806b52
issue-other,2792d599-4563-4bde-bdbe-c85da543de54
issue-other,2793cbb0-d7ae-43fc-8724-824f503e54b3
issue-other,280d19cd-0d4f-4b40-a308-dd9b6aefb0e8
issue-other,28188592-54af-4b0a-a7c1-b89c2fcd40ef
issue-other,284ca604-eb49-4f69-9057-b8dcf698ad99
issue-other,28711041-0c42-432c-a1ad-63be8278ebec
issue-other,287b526a-a596-4ee0-a1b8-cc01dd53d2ac
issue-other,289efd1e-0a87-4633-ac57-4cef7e79e966
issue-other,28bb51ba-709d-488a-9e76-8b543e7299b1
issue-other,28c93bad-ad08-4e79-9db3-49099566e55e
issue-other,2932b9f4-e755-40ec-99a9-1f3912df0ac8
issue-other,296e9b79-4827-4c63-a336-9813ca0003fd
issue-other,2988b46a-42ad-4646-8cd3-a0cb75d17469
issue-other,2a42444f-5ed0-4b8d-9969-3033b652e25c
issue-other,2ab84b5a-f28a-43d0-a3e8-f09863da137a
issue-other,2b4e4d4f-b2a5-4806-8951-af61586529d2
issue-other,2b81db3b-036c-4eb0-b477-deead17c4d17
issue-other,2bad41be-6584-475c-97c4-3c6417c33359
issue-other,2bc164ab-c288-4867-ab47-6f0f6ae85972
issue-other,2cb0b270-d09c-4599-9eea-4477362f9296
issue-other,2cef90c3-d1c4-4a50-a6f8-9b34008c3a54
issue-other,2d0f7195-af2a-4af1-bfca-3fc1d304cd2c
issue-other,2d3b420c-44e5-43e1-8570-a2230baa9798
issue-other,2d4176b4-15a4-4a46-83aa-4eeca0a705cd
issue-other,2d5cdd20-3094-40a5-bc6e-653302b59b56
issue-other,2d7432a3-4240-456d-bc25-33f1f549eaad
issue-other,2d7d38d7-3c8a-402d-869a-8e5dd0f9b1f7
issue-other,2db7db39-7580-4a18-a299-5e6c09e6395c
issue-other,2dc36a7c-9670-4466-8753-4eb3035b2cbb
issue-other,2ddf0545-e133-4779-ba36-fd51dd7a45d4
issue-other,2dfd7ba9-6013-45d4-acb1-16127da298c3
issue-other,2e38f1a4-6bb4-46ca-90d8-f7861674a295
issue-other,2ec12ee7-a140-4d71-87ef-4f0f66c41c21
issue-other,2ee68490-35b8-45f0-9094-59c80c136845
issue-other,2f0d50f3-1696-4d11-afe6-bd9485003108
issue-other,2f131c45-71c4-4d5e-bae2-5d3e36280028
issue-other,2f218120-850e-4b23-9368-b6c6bec45ff8
issue-other,2f40c0be-faf9-450d-8823-da8dbf9ec3f5
issue-other,2ffce2f2-8957-4480-99c8-781dcc779c44
issue-other,3026c4c6-f16c-43a1-88bd-e6855ba7fa7c
issue-other,302e0462-d63e-45b7-bc2c-a31252541955
issue-other,30631c07-11d7-4a48-9824-e897a8ec34d9
issue-other,3091d856-ea48-4ad1-92c7-d4b4e564678e
issue-other,3099ceec-5dda-4aae-bd32-582e3e012fe4
issue-other,30beac07-e42f-479e-abae-8ecae73d6ab1
issue-other,30e1ab09-423f-42a4-9418-26a47b2325e6
issue-other,30ee8c7d-d690-4ba3-944c-d8103b9b07a1
issue-other,31584e2c-ffb8-4e1b-8e29-4cb984f47d7d
issue-other,31d8de28-330d-4a59-bce2-ef48f2b79b0b
issue-other,31d9b1aa-6356-4b89-b981-0d1a74849b36
issue-other,31e13ab9-4a81-4d76-ae43-14d1bf25fa3d
issue-other,31ff45c4-52ba-4233-8a4f-df6eb076d0a5
issue-other,322574d5-d1e9-45b4-8e1d-0196068ccaaf
issue-other,326ffaf4-8d60-4a67-8d67-95169213301d
issue-other,32a2d9d2-e582-468f-96e8-1aee7998b64a
issue-other,330e7027-7bc4-4dc3-a2c9-f97eb0e51606
issue-other,3352112b-a49f-4baa-b332-6be416f67995
issue-other,33a6c49e-7719-479c-9daf-fd9e7270a390
issue-other,33b7811d-9853-40e4-81e0-8d0203610b90
issue-other,33e9b6b7-c200-47dd-8698-a7451f077598
issue-other,34238ef9-1141-4d0e-a66c-22144450d8ef
issue-other,3425ebc4-d6bd-48ca-a0d1-0f834819457b
issue-other,344b568b-3621-4c57-b6f8-6d764f178db7
issue-other,349198ba-e0b7-43be-b92c-018343a373d9
issue-other,349d487f-37c1-47fd-80ba-e094e2bcd37e
issue-other,350e624b-97ce-4c7a-9a3c-82dc280094ea
issue-other,3524487d-a8eb-40e6-a691-db94b324a4b3
issue-other,35601fd2-07ac-4077-b228-fe479c560a1a
issue-other,35678fea-1fbb-49a4-b01c-da0a0b40ad05
issue-other,36918365-cfb9-4db3-8540-25e15b7e5280
issue-other,36a200b0-6003-46dd-893f-88f300a6f19a
issue-other,36f1617b-e4f7-44fb-a7a9-a8236e4c3531
issue-other,370a80c0-7705-4e61-ae2b-c2483aab44e3
issue-other,370b6644-9b7f-4522-b873-546b6e32fe2d
issue-other,371086ba-68ed-4ef2-86f3-f1a211260259
issue-other,3713dc7f-e53e-45fb-bc25-610973bc4380
issue-other,3727dfed-2a22-47b0-b93b-fdc6547a03db
issue-other,373d676c-f833-4989-94a2-8e8845622cb6
issue-other,373f21aa-cf67-48a2-b47d-f2d468aa09fd
issue-other,37490349-82d2-42d8-9b52-19216c936423
issue-other,379c717a-49a8-4fa6-849a-d5d61849c4a7
issue-other,37a5e398-10e4-400d-8e9e-777453033a20
issue-other,37b0e351-b765-4031-a380-fc9a3d8947e8
issue-other,37ed6625-46ff-419c-8311-2bfdcd02727a
issue-other,3856de23-527b-47a7-bc96-dd36db33b857
issue-other,391bba4e-70a7-4f15-98a0-a6ec742cfc19
issue-other,395db1d0-d968-4e2a-8768-4b0b3e227d45
issue-other,39659cd8-6970-40b1-974d-4118dc229a27
issue-other,39af63af-b212-4e66-91b0-2677bc49452e
issue-other,39b26208-20ed-4d8c-ab5d-4dc188701560
issue-other,39cb3cc8-e312-466e-9249-2deb8290b1a4
issue-other,39e472ad-2038-4978-a559-d052e3844e59
issue-other,3a140235-8639-4f22-832d-ad82adf987a7
issue-other,3a2a445c-56c1-4125-8fcc-603c7a300b9c
issue-other,3a2e663c-f27f-438c-b10c-0607a7886314
issue-other,3a2ead95-d4de-44ff-af7a-10bac7d10366
issue-other,3a39e8ac-a51f-4d4a-840c-18c60259c88d
issue-other,3a3ff7ae-9f20-464d-b856-abb097591128
issue-other,3ab99088-e79a-4def-86a4-5e475643af34
issue-other,3b57f789-f234-4e41-adc1-6dcd259b674f
issue-other,3b690879-2022-4aed-9563-b1ab71418e6f
issue-other,3b7d9261-b1d3-4d13-bb80-94e0fc9f5cad
issue-other,3b9de0c1-dcec-4c9c-988f-c1de24ccb6c3
issue-other,3c4ac44e-0e23-4c9a-ac1d-d2d67753a065
issue-other,3c7cf49d-4f72-45cc-93a6-edd4858ac3a7
issue-other,3ce7f53c-433f-4126-bf09-5cc5215283eb
issue-other,3d05d16e-b963-433c-b2cf-34cf821c4283
issue-other,3d175916-34f7-45d5-8227-9d9e64371907
issue-other,3d5dfe13-5222-4fcb-9040-14ab473c5508
issue-other,3d643d73-243d-462c-a834-1e6c80837c89
issue-other,3d72702a-8b77-4581-a6fc-c11f8f9da980
issue-other,3d79ef7b-83cf-448f-abfc-32832adefc10
issue-other,3d968fdc-c0eb-408c-b3fd-9259f722bf04
issue-other,3db7a2d3-e178-4394-8264-73673547de31
issue-other,3dbbef19-1aa0-491a-8ec6-bc145a23df7f
issue-other,3e588a9d-2a49-414d-8711-697e9842734c
issue-other,3e7016b6-3d08-48d1-aba6-86f1243330af
issue-other,3e9f9ed1-592a-4a5e-a556-49864fab1974
issue-other,3ec38288-cce3-45d1-8938-6e258bee8971
issue-other,3ef6e25e-29e8-4597-a815-aed9ec2a5bd6
issue-other,3f0b7c24-db41-4d5b-86ff-ac2afa0eedf9
issue-other,3f15b089-78fd-436c-8280-b1368e47ea1c
issue-other,3f1d261c-19b9-486d-979e-4f42aeeb7741
issue-other,3f462947-3f4b-4d38-ada4-7dab21c0055e
issue-other,3f893be0-ef7a-49e3-af93-3c489f14b189
issue-other,3f98d648-a0b5-487b-a2b7-7dc7fd7da992
issue-other,3fae0117-21de-4391-afae-5eca820f2f55
issue-other,3fbc9dc9-4c75-4c77-9f79-7760c21e66d0
issue-other,3fd59894-4dfe-4c13-8c24-f360654cb10d
issue-other,3feb5ba7-4a0d-47e0-a803-eb2dce85dd5e
issue-other,40243cf8-0149-4f05-9308-08abdb27e4d6
issue-other,40304224-075f-41cf-8599-38ef15e4108c
issue-other,4050135a-10e0-44d7-a8eb-b809c425f0b2
issue-other,4064ce93-ecc4-4b8a-bf45-d48e8b119ddd
issue-other,4097a1e6-87ae-4c34-bc2d-25100cb654d8
issue-other,40c5b2b3-9d7a-48a3-96b7-b22a74b22ba5
issue-other,40cf0697-cdab-403c-91e8-8c0ecfca803e
issue-other,413e8aff-ea9d-446f-9ec5-52bb5f4e5b1d
issue-other,41b16671-8a0f-4dfa-b09c-4646cc4c5e2e
issue-other,4215cb8f-dc3b-42df-8d73-8fb574dfe60a
issue-other,42644f9d-f2b5-4399-8d32-68626340f1ce
issue-other,42b27d7b-fa44-40d1-a53d-7e12c63a8969
issue-other,42de7aca-5048-4080-9338-cedf209a1e22
issue-other,42f4ac3e-075e-4dee-a8fd-364707225d91
issue-other,4311b8f0-6e70-48eb-9b7f-8f29217b7410
issue-other,441af4ef-de4f-4774-b447-2c064e88ee36
issue-other,443a6f0f-e1fa-415f-84b5-aff66465a375
issue-other,44a1a33c-24d9-414c-a574-e3a6feb6a110
issue-other,44cced4e-985e-49e9-94fa-fd531d576dfc
issue-other,4569bf47-2b26-464d-a60e-2cac383edc0d
issue-other,457a3d2d-bee7-45d4-8d79-9f5e680492de
issue-other,45a0783a-c128-4d80-96e4-0e6602266c00
issue-other,45a57a15-dfcc-4188-930c-0538d0379dbd
issue-other,45c561b9-cc47-4d80-95d3-f0d20bc84af3
issue-other,466bffa2-d35d-4453-804f-7b34d3d9e26b
issue-other,467b6df4-476b-4afc-a5aa-d465bc810daf
issue-other,468e0f0c-fbdf-4b66-93b0-8c06ce661193
issue-other,46bc9fb5-ab72-4541-b30c-b1e2eb58377e
issue-other,46f48cf7-fce0-45a9-8c31-cc7a01b3f7a0
issue-other,46fb90f3-e5c8-49f0-9dc8-1a33fe30a2f4
issue-other,4710ac22-4f67-40f4-b524-366e07417d9f
issue-other,47223975-2923-4316-b652-9572177b5005
issue-other,472ac25f-ca42-48ab-9462-844a71e28a48
issue-other,4731e584-18a6-4bf5-be2f-092c7b919137
issue-other,473f6ca7-ac9d-4f2d-a17f-1f8ef2f4a57e
issue-other,475b8770-08ea-4d1d-925f-33798ed85535
issue-other,4772956c-4fce-4037-9f50-b02a4c31f44f
issue-other,47967b89-8ccc-4c3a-9736-3deb1f450baf
issue-other,47b7eb0c-3d2d-4501-b93e-cbf5d0b81fdd
issue-other,47d9e2d8-96bd-4217-943a-a8709466534e
issue-other,4815ca27-10dc-4b81-85dc-22c40c2df8bf
issue-other,483c9071-cf35-4563-b650-9c508b4acdb3
issue-other,485ccfe0-ecf4-4342-9a73-0cd4bc00a22b
issue-other,486d1d7a-d6f6-41ea-81ad-ed875452729c
issue-other,48bfd4a7-5ad1-4275-932f-e609bf83cdde
issue-other,48cc2ad5-607b-4d6b-bd28-e7698d0d17e3
issue-other,48e709e0-aedb-470e-8f14-52d236222ae5
issue-other,48fcde31-86bd-4de1-b373-78d736468b51
issue-other,49903d36-1841-4507-b585-66b14acd684e
issue-other,49cda0a1-99fd-4c1f-9a91-9e7dc4ca8e7c
issue-other,4a311a70-d9a5-482b-8c3f-c95eb9b49d5c
issue-other,4a40712c-406b-4a11-a0b2-07e370746938
issue-other,4a407651-ac70-427f-922d-76ee733de074
issue-other,4a4beaa2-41c9-410f-ab40-ae2b4b13061f
issue-other,4a5aa3e1-5459-4cd2-8e5b-505f8e6650cd
issue-other,4a93b23e-fea8-4842-99ce-dd2f53c0f392
issue-other,4abc7fe4-277b-4a35-ade9-729a3541a793
issue-other,4ac0613b-7625-4271-bb8f-0964af084278
issue-other,4addbfef-0099-4da7-8890-7f6f6403d28b
issue-other,4affbb0f-905b-4ff7-acd6-690dc5e1ce3b
issue-other,4b009071-4f87-463d-aa9b-4651af100892
issue-other,4b8f8338-f611-4ca7-8481-9499c25927ab
issue-other,4bcc9896-fedd-4404-b23b-9c3607820aff
issue-other,4bf8cb3d-cdc1-46eb-a2e8-9f11680d551e
issue-other,4ca8f600-8366-447a-9622-7381480bdd68
issue-other,4cd7ae60-d1bc-4546-9a70-eef190b60be1
issue-other,4d3c6c78-d0be-4d58-a237-560291bcb59c
issue-other,4dc24a21-721c-4124-89fa-08ee17357a13
issue-other,4dd2abb1-14ac-4dc5-bf6c-d41c0edda5b7
issue-other,4e17ebee-a514-4bde-9a30-071af5cea45e
issue-other,4e4c0ec8-e42b-4428-b192-d527c3384aab
issue-other,4f1ccb07-5415-4f23-8d41-9c149ed6ca85
issue-other,4f50d478-c8c6-42f1-97ed-17cbaba6741d
issue-other,4f5959d0-3ddd-48d3-8922-e98da2e0dabb
issue-other,4f6ac880-ca6c-4664-bb23-343f88beeff4
issue-other,4f72ca9e-c7cd-47c2-846f-421d9b1f373f
issue-other,4f7eaf29-ca3a-4420-906a-dc34bf529399
issue-other,4fe849ab-9569-433b-82e9-3b40399a20a2
issue-other,50140fb4-b7de-4c35-b2aa-3a5c4ad21f99
issue-other,50409e4f-cff0-4505-9c7c-a49be170ace9
issue-other,5046e5f4-0618-4647-9ce3-e308a67e90c1
issue-other,507bc222-f269-4f06-82be-b80a34df9691
issue-other,507cccc2-0d29-4f97-9b32-1d01c9e59143
issue-other,508885cf-4aed-4f59-8a56-af3677826ee7
issue-other,50f81c3a-bac4-4635-b394-78e284a96268
issue-other,512e6ada-1c41-49f5-8a03-1e758cfc2295
issue-other,514e9fec-913f-4bfc-8771-f060fd6c776c
issue-other,517fff02-606e-4cb4-8f54-4af2424068d1
issue-other,51818ce6-4700-4f3d-99f8-5f6720f63187
issue-other,51bfd887-24a0-4741-8b59-68e0a726dd7a
issue-other,51e97cad-d6e4-40cb-b8a8-a066f1d653e1
issue-other,52424b14-fe80-465d-b94a-bffc7b129c77
issue-other,528e998e-9308-4371-809a-7eba6583f0d7
issue-other,52a8ccea-362c-4e03-bc38-74cb763181c0
issue-other,52b1b745-dc5f-4f6a-9f24-329e813cd1cb
issue-other,52b7db07-da4e-4107-a977-cf1c03773f96
issue-other,52bc3458-a0d1-4fce-8d29-0b560f875f9f
issue-other,52dd90d2-d865-413e-a776-ed7c98204f3b
issue-other,52ed3022-f531-4667-84de-4b64ef7f4113
issue-other,530b7128-1b64-46a7-81ad-d69c4bf821cf
issue-other,5359cb77-07f0-4673-b1b3-fbf76a7b1124
issue-other,53c8ec08-90a5-4b8f-b23a-997ec3581bf8
issue-other,53f662ca-9361-453c-8b60-f38d96ff3825
issue-other,54cf829d-81e3-4348-95dd-6ef5603020fa
issue-other,55111b58-e5e0-432d-82f1-d3f477ea8cab
issue-other,5514a448-d3f6-4779-a366-ce3efd56fb88
issue-other,55568387-d20e-467d-b377-cdb38638a099
issue-other,5562cba6-189b-41ff-9c2e-7fe753d87838
issue-other,559515d8-61e6-4a33-9362-f236bd63b8ed
issue-other,5604201c-6da4-4758-9286-a1b7fa44bfbb
issue-other,5687d4c0-48ba-45c7-945d-fac743523fcc
issue-other,56a74838-704b-4c36-b99b-111a65c30ede
issue-other,56bc531e-9531-4f4b-96fb-032fae167132
issue-other,56c6ac7e-e9c8-4555-8d09-57ee5cc73053
issue-other,5732bb57-d172-4f4c-a7b2-225cf1d58747
issue-other,575125f0-0bc5-44a1-b3b6-8086b603c750
issue-other,5757e3ee-f609-4569-8de2-5627519dd905
issue-other,575b456c-2192-433e-b7a9-6912d740107f
issue-other,575fe208-3271-4094-8ba4-47a326c6856b
issue-other,57c09fe7-3f31-42ab-8bc3-016229670470
issue-other,57deee5d-6b94-4874-8142-d0b54eaaa914
issue-other,57e887fe-b1a4-4078-b296-1c3326861c4b
issue-other,57fa1551-eaeb-40d6-b0d9-4be079d2c8d6
issue-other,586021eb-7380-49e7-92df-4175134296b0
issue-other,58e36675-198c-4c2b-a6cd-1a67cd8dc2b9
issue-other,58e6fd90-137d-4d64-836b-c38b66bd4a21
issue-other,59275062-48ee-431d-80f0-0cb021e8f689
issue-other,596c3c27-4f03-463c-804a-afe80faa429c
issue-other,599aea9e-558e-409f-aff3-a5350afa31a2
issue-other,59a0bfa3-ae4d-41ff-a700-57ab9597d610
issue-other,5a0736a7-95ca-4712-a787-c5e6189f3fc5
issue-other,5acd8143-a35f-4ece-9ef9-eeaa89d82b9e
issue-other,5b2bcbe2-752a-491b-88fc-876ad5833a64
issue-other,5b56249c-8424-4dc5-998e-22cb62391f99
issue-other,5b9f1a72-9d88-4be6-b65c-148af0dd8cc6
issue-other,5ba8d438-f119-48d6-bd51-96036576ed38
issue-other,5bbcc1f5-7c55-4547-98ce-a13c7f9cf318
issue-other,5bbe590d-c1cd-4bc5-a1ae-36a88d05da6d
issue-other,5bfa884c-8969-4dcb-a013-9903866336d9
issue-other,5cb08ecf-e906-4768-b1b9-9f6fc9ef62c9
issue-other,5cd4d248-849f-4d3e-b966-430cea9512a7
issue-other,5cdc16ad-00bd-4dfe-9098-01bf25105d5e
issue-other,5cee878d-4e64-4631-bf6a-5e626accf08f
issue-other,5d1de61a-dc80-4f44-9c1b-c8f83e6791e1
issue-other,5d5e08d1-1686-4c86-b9bd-cb0f3a719e0b
issue-other,5d857ae5-e3c8-4288-b7b3-060ad564fd86
issue-other,5de2cd0e-6fc3-46c7-8ece-233a6862fce8
issue-other,5dfc6e4a-d5a9-402d-856d-15c81e88e8ba
issue-other,5e12861c-e153-4ae1-83e8-ab5d9a24a394
issue-other,5e42af51-68cb-4928-a07e-32f3610f6831
issue-other,5e4ff3f9-7452-4d57-be2c-4f712d1b4c65
issue-other,5eaeaa63-042c-4083-9b01-664bbfad6ad2
issue-other,5ef109fc-e1ec-426d-b062-864a55aa1b23
issue-other,5f536fc5-6664-49d2-8f8c-2b66ec6aa84d
issue-other,5fb51bd0-dbe9-4a19-a466-a77f0c14393e
issue-other,5fd34b18-6ac9-4867-9153-302b5f2a3daa
issue-other,60212c4d-f69d-4f07-a693-0ea9656d6cd6
issue-other,602d51d6-b0c8-4f62-a547-9b95e3235adb
issue-other,603295dd-6f98-4e88-a9d7-4b51adc656a0
issue-other,60511edc-f704-4572-8589-3409fce25701
issue-other,6053b5f8-85a4-4dff-a23d-8b378279fa4b
issue-other,60a3b79e-59a7-4643-9d96-a268f39efcf3
issue-other,60ef39a1-7e80-430a-afae-e020ab29a840
issue-other,6121743c-bd22-4f8c-a689-645b4a0cfa00
issue-other,6140eeef-8a8f-4216-a076-1baf4961b28b
issue-other,61428a75-5ac1-401b-bf31-7982600c97ce
issue-other,616db031-b44f-4a44-b206-66549b21b54a
issue-other,619dff9d-81a5-4a89-91a5-66ba8cfa2a28
issue-other,61b56727-3916-4868-ab34-75de5a3294b4
issue-other,623b5582-44af-4268-ac8d-211236b96e7c
issue-other,628fe3ff-4826-4642-be4d-4fd7d3b09655
issue-other,6295c8fa-7126-4dc8-8af6-8e0b74d968bf
issue-other,62b53e0a-0397-4200-826f-122d18fdde32
issue-other,62d82908-555a-4191-a6de-6ccca03c881c
issue-other,63136c13-a334-4fa8-9143-31fbb1599462
issue-other,6355a633-4892-4abc-9b6d-85ce2251879e
issue-other,638a23cf-9f57-41d8-8b27-03b1950bf086
issue-other,638e7716-3fe7-4611-93d1-6ce02785d74e
issue-other,6397f274-15fc-4824-9160-9f05a3ef2e73
issue-other,63f4c449-cccf-4b1e-ac16-2f4b31df4724
issue-other,641fcc61-7cc8-416f-ba78-017ccb320595
issue-other,6434eaa4-e1b1-4944-b582-b34db9fddb08
issue-other,64539809-654c-4915-9bd0-4e5b55d3fa14
issue-other,6465618d-945e-4170-a896-1f341f6fe54e
issue-other,64910d54-b1ce-4c13-97ea-b0274b50279a
issue-other,64a766a8-6f51-480b-aecb-b6c8d5b914b1
issue-other,64a79afa-333f-4a05-b88f-2af13a752e1a
issue-other,64bc1fad-81ba-403a-8e82-8603430bc3d1
issue-other,65064236-19a5-451f-b420-abb4a44bfe3f
issue-other,65370ec7-914b-4ee6-84f0-1ada194e752c
issue-other,653ce290-083e-4c63-abe1-065c99e488d1
issue-other,6689c8e5-f2c4-4099-99ce-a323df17a499
issue-other,668ca82d-b6eb-4aa3-b3db-02aff08997cf
issue-other,66ca73d4-4a78-4da2-9e97-334b2e6556e1
issue-other,66f178a6-67c2-4fc1-9769-fda7abb72b62
issue-other,67ab53f3-3c56-402e-979b-caae84dcea4e
issue-other,67cdb420-7146-4edd-a5aa-b471cfc5ed6e
issue-other,67e68e68-40aa-464f-b4a2-d8f889fbf34d
issue-other,67e78463-2253-4b2b-805a-8aa33b4617fc
issue-other,67fb845e-d882-418c-9603-5166d2be2cca
issue-other,6810393e-f162-49b5-9206-10b3dece547e
issue-other,68107809-52c1-469d-a78a-569280e49ed6
issue-other,682cbb26-8ef4-47ea-8cf5-f5ea0b73e6c7
issue-other,6834a55e-cd95-4928-8f54-5dd0abfa1114
issue-other,68a5d92a-1dca-40ba-b9f8-fc61a24b12a8
issue-other,68b8e8e9-eb66-4f8c-9435-98f3496ae412
issue-other,69373ffa-eefb-405c-858d-e0003f61cdd9
issue-other,69439f1a-fdd5-4504-a00b-115bc535d459
issue-other,69c046f1-bde6-4ac2-aa61-fd9619903efc
issue-other,69c38f09-5448-4435-bf88-4d27d5b18c93
issue-other,69e4da6e-cd51-4e1f-937b-433403b31efa
issue-other,6a090b8e-d0a5-431d-9890-4a1881a5d7eb
issue-other,6a62f4f4-dab9-4f51-ab42-6e6a5ea87805
issue-other,6a9e5013-8c00-4455-a2b5-0482a74909ea
issue-other,6aab70cf-2cde-4764-a93e-a92c31e45f4f
issue-other,6afd7c17-24f2-4b24-947f-407072ceac84
issue-other,6b3054e5-15d8-4f2d-a84a-b99d05b8b2e5
issue-other,6b41b629-1730-43f1-8fba-9e3119d8d892
issue-other,6b52d9c5-9727-4206-93a8-4d3faf2bfd9f
issue-other,6bda3046-7cef-49bd-9e16-26697b8ff91f
issue-other,6bfe1405-24ab-46b4-a3ad-78218af1752e
issue-other,6c0b8e74-3a63-4a70-a8fc-8989b525b73d
issue-other,6c413ec0-2db5-4c3c-950e-644652398cc4
issue-other,6cb8c9fe-b284-4084-a36b-793a5024aa55
issue-other,6d0f4fde-5b87-4e68-99e4-eb62b35c5a41
issue-other,6d11dd60-301d-48ea-b436-14deabe0e679
issue-other,6d1a21e4-50dc-453e-b597-de616c5641c1
issue-other,6d69d2c7-49ba-4374-a281-29b7bb06ec88
issue-other,6de5219c-c7cc-4af4-ac27-755cfca8738b
issue-other,6e072a22-7e4c-4099-a32e-d93a114a3f17
issue-other,6e44fc95-8d62-4d6a-8b44-d922d0b9cc75
issue-other,6e5166c3-ec7b-4251-ad16-bd19e1a5bd70
issue-other,6e74969d-45d5-4336-bf33-2306337a6dd0
issue-other,6e8f511f-9ba0-48ab-b526-7eaa2da71052
issue-other,6ec0ae2d-44d6-4945-8456-f4e1f86d2d8b
issue-other,6ecd5837-917a-45de-b811-278da3a26a7a
issue-other,6f0a10a4-8077-40c9-9213-2ce433a4669c
issue-other,6f3bbd7c-7d32-44df-b972-d2d38f9165b5
issue-other,6f6c38a1-f3d2-4eb1-b6de-2c84dcfd2235
issue-other,6fcffa7b-a928-4fc9-9b45-183980158dab
issue-other,6fd7671f-0059-4bc0-a831-b2f6e4a53809
issue-other,702677dc-725e-4960-98b0-27a30dfe3d67
issue-other,7027795d-011c-434e-84d8-42020f25ea19
issue-other,704fe4e2-a9d7-43ed-98d9-ec4deed98525
issue-other,70b8e8f1-bcdc-4ee5-b9c9-c9e85ff196fc
issue-other,7158ccdf-94a0-4384-94b1-08d453be65b6
issue-other,71750aa8-3cb0-4573-873c-aa54c206a5f9
issue-other,71dba255-2de2-41ec-81ab-f4e3eada4041
issue-other,726cb1fb-df8b-44d5-ac2e-4ac9d4792614
issue-other,72a250cb-7a3a-4158-b9f1-ad7ead354094
issue-other,72ff1851-6b9d-4623-8c56-efbe1dc40710
issue-other,737d408a-8c56-4509-8944-ad73e0376a03
issue-other,73eccb7e-737e-4aca-8f81-28501f26f0bf
issue-other,74135a47-3232-441f-a2c5-8050d3e820fa
issue-other,746cafe1-83f0-4720-a0b2-ed47999cee5a
issue-other,74c9e474-2308-46c4-8126-2cbed5fe6e0c
issue-other,74decd9d-4e45-4aad-b873-c61bf5025261
issue-other,75464583-d4c2-466d-8247-3254ec71d463
issue-other,7589286d-1cc0-4c7c-8bd8-e91cd2cb55d5
issue-other,75ccf9f6-a264-444f-b7b1-476623bb3f22
issue-other,75df6b57-d874-4a74-a352-a375b379bf84
issue-other,76358bdc-1728-47a6-ae3c-681728fe3eb0
issue-other,76bd5049-58f0-4a44-8f4f-66f69d95c3e5
issue-other,76e3a53f-dd0f-4e4a-b824-d7fabf15c53c
issue-other,76efad55-d1d5-4929-9e77-ba65f9d9f6d3
issue-other,774e0ff0-134e-498b-9025-5217d4f14a6a
issue-other,7765aa8a-59cd-47a7-b7f6-790a8e2a7a8b
issue-other,776ef464-ca97-423a-b145-858fe763511f
issue-other,7778815b-d77c-4dcb-8c0c-1018adeadf45
issue-other,7793cd6e-4eef-47f4-b4dd-5c018b1d3782
issue-other,77a0a115-40e8-4a8b-bd57-67f15fa7c95a
issue-other,77c26952-e4ad-4b97-a9b9-47836a3518e6
issue-other,783fb41f-b852-47e1-9b5a-0c3409579565
issue-other,78821ffb-5825-4a01-bb64-a4548a332dff
issue-other,78bdaa56-167b-4647-bb9c-476b3ec97e6f
issue-other,78decd4f-8175-4bd6-8dfa-06f7e187f164
issue-other,790dad2b-85c5-4462-ace7-7e89e7cdca6a
issue-other,793bb38f-f9ff-42b3-a801-d0ae2c3e5a19
issue-other,79e46e50-f8b8-4b88-9b6d-ff9d5b11610a
issue-other,79f5daa8-af9e-40e8-8517-5423a4d51155
issue-other,7a19b1c0-f3eb-4ecb-9360-f4e5bfa4eaf3
issue-other,7a49ed0f-1912-4be4-be9c-d9d1000463b1
issue-other,7a545764-aa46-40a4-9b44-4e86eaf726d2
issue-other,7a9422f5-7266-4f53-adf3-7cc65803e8bf
issue-other,7aa74654-c07f-4c9b-9642-d8186430665c
issue-other,7ad23e9a-54de-4930-a541-ed50076f362e
issue-other,7add6a62-b949-432a-bd49-9ea0e2a16f22
issue-other,7b4f5e5f-a404-4c7f-8435-57752a824432
issue-other,7bcf2db2-75f8-4d0a-9912-f8616af0b336
issue-other,7bcfcf15-265b-4c3b-afa7-b0b2930e61dc
issue-other,7c1ca82d-eb5f-4f44-9a58-ae9246521bdb
issue-other,7c55d036-d174-4106-990a-6c7662d8c524
issue-other,7c582117-8c6b-4adb-8be4-48f0c73081eb
issue-other,7c76a90e-421e-4a62-b995-bb24176f19b4
issue-other,7ca6ab5f-9e73-4a6b-b361-561f8579f338
issue-other,7ccb5cb0-89de-49ba-ac77-6c21ecd3c40b
issue-other,7d35908e-8433-4b65-a9e8-2178b365677b
issue-other,7d6995dd-f4be-4746-ad2d-25d592c41f5b
issue-other,7d7b94f5-ea5d-40fa-b91d-22e88796368a
issue-other,7da59a50-d2bc-4466-9384-9d83abeac79b
issue-other,7e25f95d-be0d-4107-9672-f742c25e133c
issue-other,7e9e873a-29e5-4745-a7a0-e881e1253d67
issue-other,7eb0af6b-82ef-426a-a51a-f0c2ecf14c9a
issue-other,7eb3512b-eb06-4d14-afc9-2a508e601e69
issue-other,7eeb357e-1399-4750-b85d-be9ca2f296a0
issue-other,7ef38cba-ca22-4310-b168-63ce0870985f
issue-other,7f2d4159-54db-4fd5-ab33-6686d2e3d120
issue-other,7f5178a7-5db4-4cd4-afb0-5dcea0fcbaa4
issue-other,7f8a1dae-80d3-4137-b6ea-16bb8ade3095
issue-other,7f8cd233-e264-49f9-b743-dec2326a5b75
issue-other,7fd63051-28ec-4e51-a06e-97f7010eae40
issue-other,802f3b48-4008-4261-938f-912a703a860d
issue-other,80309972-89b5-4d69-bf6b-51b0a06fe423
issue-other,803925b0-076b-4530-8ac4-11b7c3a8053e
issue-other,808df0fa-c2f6-4eac-9b58-fdc354e85a38
issue-other,809b3291-15ea-4b82-a50f-ab1c323fc5fa
issue-other,809cf704-7bc6-41bf-8e12-8f693b835fdb
issue-other,80a6fc8e-4ace-476a-a438-2d22ca5214f3
issue-other,80d5c60c-ef1f-4ea4-a6c1-82456e38636c
issue-other,81002f7a-b130-4145-b591-b5124c372716
issue-other,813d2ac6-c236-4702-ac22-c83e7dc913b8
issue-other,8149b01f-e1bd-48d1-835d-9d6284924c30
issue-other,818d7556-7eb1-4a00-9ba6-6b51e42c23df
issue-other,81a8e785-01ff-42e5-bcc5-827da748ccdf
issue-other,81f57298-fedf-4c61-8563-ef97f13f6a4b
issue-other,8216dafb-b5e2-47e2-b342-9f73c203b56e
issue-other,822c0a28-18c7-4d21-b6a7-9756b55fa051
issue-other,82580d59-b2e8-4161-a741-f39d725077f9
issue-other,82625774-a30f-4721-bfc3-7daf3c09ee9c
issue-other,82b1ef6f-8a21-417a-b349-3cf4bddb03ad
issue-other,833652b7-91e8-450b-aef6-7216687bb231
issue-other,8342b610-694f-4ad7-8cba-723dadb29ac6
issue-other,83d49da2-bc0b-44fe-a058-045457b534da
issue-other,83d54ebc-0286-43e0-8519-8006a7554818
issue-other,83e0e3fb-c641-483d-8b6a-16dff7c2ab24
issue-other,83e4095f-fdcb-401c-aa54-6093c71ed7c9
issue-other,84548ca6-6090-442f-b7c5-b8564fd843db
issue-other,84773e91-cf28-4577-ab69-cd2a086663b8
issue-other,84a11e24-b93f-4af1-b581-089a6fd716f5
issue-other,856288db-4da7-49af-b9f7-e28b899db38c
issue-other,85e5e610-6566-421c-9672-ad641ea9fecb
issue-other,866bdf99-bafb-4003-b6c5-5a4bbc3d0912
issue-other,866d95b2-837f-443f-9c0b-14d47e94e4af
issue-other,86d05afc-46f5-4037-a28b-7f4085413a7e
issue-other,86d9f3ac-4d21-47a3-9c83-adffce27b208
issue-other,87200bc4-c742-4f59-bb19-98529dfa714e
issue-other,873e8c51-f4df-467d-855a-1ba35884e4ba
issue-other,876f8f2b-4da4-4536-ba19-ffe254f05e17
issue-other,877beeb6-7f0a-4d9f-8d07-a827da691f01
issue-other,879ca6cf-8716-4445-bcc9-c525512288f2
issue-other,87cf5694-16b7-4a0d-a06c-acb7feac9d55
issue-other,87dca232-40cd-440f-b54e-83bc5253cd4e
issue-other,8822ec39-cccc-49d8-b7e0-0bbfdbc95c5e
issue-other,8824308c-ce13-45d3-acbe-ca0a282de49d
issue-other,8836a446-b233-4f84-8909-da7eff85486c
issue-other,885211fc-0457-42ac-828b-9dae10bdd0b7
issue-other,88946c94-bfe5-42c5-aeab-50c0e47eb61d
issue-other,88a374ea-ca69-44cc-9424-2d879afa3526
issue-other,89a8e180-7846-4421-a2b6-fa7787e9d0d2
issue-other,89d17a00-229d-4deb-a854-d1e0aa05bb50
issue-other,8a0d2f1d-d175-4b7c-9d2e-6172488aeccc
issue-other,8a24058c-6ec9-4eed-844b-bc74b20054a6
issue-other,8a81f9f6-c623-49ae-8480-109cbcc9aea6
issue-other,8aedfb5d-0832-4405-a801-17b8941460bc
issue-other,8b5f697f-fdb9-4043-8710-d03c16332c2c
issue-other,8b6e028a-5f63-4011-9841-cbbade4830eb
issue-other,8b8502d5-2cbc-4568-8794-8af547c3628c
issue-other,8bcd18de-6423-42d1-921c-7ae1f1a3c01f
issue-other,8bd8d42a-1b9b-475f-9f51-a8f24eabc79b
issue-other,8c36690c-d0ac-4b7c-86f4-418391d8e604
issue-other,8ccb8135-1f06-416e-aa40-4cbd1490e1df
issue-other,8cd35162-9223-42d1-8097-06e22fde94ea
issue-other,8d691f3a-8cc5-45cc-be35-fa2753c7dcbc
issue-other,8d767e0d-8f4f-404d-bc3b-379b5e6a51a7
issue-other,8d8552f8-ca04-44c0-8e15-96d2b8ced657
issue-other,8d8d8cf6-09a4-449b-8ed1-572385c8a2bf
issue-other,8dc98bc0-ea20-4ac5-84c1-44bca516b1a8
issue-other,8dcc8352-3d16-465f-bf1b-ad6c3da5f4d1
issue-other,8df61415-0c02-48c9-848c-5b897a83da61
issue-other,8e291e88-273e-4f82-b22a-f1dc640833db
issue-other,8e338956-67ca-4545-bbf5-0f72e1c4715c
issue-other,8e359979-8c63-4000-a1d0-d4f00a5230d1
issue-other,8e6cae12-7d4b-4f93-a937-9bc2de99169c
issue-other,8e9a5751-c1e8-4d7a-afbe-5239c98a08d0
issue-other,8eb550a5-ee0b-41a0-8d74-131b7c8e8151
issue-other,8ed0a490-31e5-48fa-a8a7-d45197f01c90
issue-other,8f55a7ce-efc4-440d-ac99-5f158ac80cfe
issue-other,8f5c6e5a-8fa8-4e34-abfb-36b896473da0
issue-other,8f6eac11-57d1-4f50-a279-d04957623e9b
issue-other,8f780688-cbf8-476d-bca9-0261b0a5766a
issue-other,8f848aef-444d-4f95-8868-8579f690beb0
issue-other,904507d6-d9e5-436e-aeba-a9dbe2d8d991
issue-other,904e637a-c384-4310-935c-6d2cbabd88b3
issue-other,906fa39f-f611-4bf1-a5ff-82606ad8284e
issue-other,907fc7e0-0e6d-4588-8197-3e2ff97a9978
issue-other,9093b510-7605-45fc-990e-1d36e17adbef
issue-other,90a214bf-6f62-4b30-b0d6-3bb0fa733161
issue-other,91137792-6346-444c-9143-2bd4e627e4cd
issue-other,9185aa41-096e-4327-8b7e-ad0f0a0aa76e
issue-other,920ca776-9583-429d-9e8b-ff1f895d175f
issue-other,922c4d50-4f30-4932-a35e-c0ab5fcebdc0
issue-other,92835162-9e3b-4967-b0ba-07b95ac82597
issue-other,92872f83-a799-4559-a5cf-49f6863501ee
issue-other,92d7e5be-41af-4d4d-9c41-bcd048f01c4a
issue-other,935b4fcc-a2f1-49d3-8f0b-38df9a28b844
issue-other,936d19a5-5522-4acb-8458-04f3d2853b7b
issue-other,94001edb-756e-4081-838a-31731d1273e5
issue-other,942cf09e-2540-4739-9259-e288cb558f5f
issue-other,9433bab7-a126-49f2-942c-1523d01b6a91
issue-other,946c0407-90d3-45d3-8f02-998f8cc8b491
issue-other,94baeb9d-63cc-41cb-80d9-cabe72e96418
issue-other,94cf9051-7e98-4e25-9571-49c64e3bcb82
issue-other,94de1725-c137-4e50-bda0-99e3cf48fe15
issue-other,95586621-012d-4696-8a18-4a6425c83479
issue-other,957c209e-0961-4fee-8415-683a61f018f5
issue-other,9581bbe2-b9a4-4fcf-8967-1a958a0481f1
issue-other,95d371a9-3034-4cb1-8d05-a290f8a04c77
issue-other,9666e9fe-0bc2-4e4c-8842-2162be0b6610
issue-other,967a57bf-6d87-41f5-ac9e-10840e45f340
issue-other,96b02d63-343f-4aba-8eff-7983f39d866c
issue-other,96ff70cc-4cc4-4f1b-9b33-cd0e99d86fe9
issue-other,970797ce-f536-4547-a3c5-9f66b4968460
issue-other,970c0c05-73d1-4dd6-8df7-750e1be69c62
issue-other,97636902-aeb6-434e-b233-a6a5a5e23a7c
issue-other,977d5ae3-6adc-4d54-8f0e-a2cb7c6ca148
issue-other,977dd998-e1c2-4ef1-9a6d-a7921f854989
issue-other,97fef0d7-831d-47bd-b5d8-9cb59d5e1545
issue-other,980d71a2-9f4f-428e-9e12-202095176c32
issue-other,981ef0e7-a420-4942-b48f-a26b369aee7c
issue-other,988430b5-306f-4375-aadf-4cfe02872df9
issue-other,9909a853-012b-4c26-be97-030a8b665279
issue-other,99b09e55-5441-449d-991a-c7804ba9ba41
issue-other,99dc1bec-2b04-4131-aa33-41c82cfa6c14
issue-other,9a26858c-d121-49f9-bf92-7dd9e67e5296
issue-other,9a3213bc-b21a-488b-8ba8-b866af7f0420
issue-other,9a4148a4-3ab1-406b-93b7-06b40eb4179b
issue-other,9a43bacb-b4e2-479c-9e82-c3f48bdddaab
issue-other,9a582ff1-d1b8-475d-8a8a-f13e02a86076
issue-other,9a61c0bc-12c7-43f3-a741-ce3fc12cc446
issue-other,9ac565cd-57b9-4a1e-9073-4b628ce9ef6d
issue-other,9b210081-d5d2-4669-882f-41d0cc1237a4
issue-other,9b6a311c-ee65-46ad-b61c-b38338e01317
issue-other,9bd18730-c1ef-401c-99dd-8f95ce5c1ad1
issue-other,9bd52fa7-abc1-43e5-b49e-56a38da80654
issue-other,9be8da3c-df7d-4748-84a5-c47a74b444d7
issue-other,9c3cb3ec-bd24-47b0-b37b-7f07330a0ca4
issue-other,9c3e6767-d3da-4f35-a76a-cb00144597f8
issue-other,9c4c30b5-2440-489d-bc44-4ff27fecf7fa
issue-other,9c8235cb-9701-449d-9696-b915608bf035
issue-other,9c8bf672-bd22-4caf-b8b0-7682246e86ee
issue-other,9c939ff7-b120-4582-b273-910cb3c57019
issue-other,9ca1697a-db7c-4c40-9fed-823612304f15
issue-other,9ce7f5b1-44e7-4009-b466-74348dee33c9
issue-other,9ceaf1b0-2ab5-4afc-8a13-36fd03607bdc
issue-other,9d15352b-b78f-477b-b56f-44a6698ba55a
issue-other,9d6e039c-d260-4065-bf36-267b1f90d3ab
issue-other,9ddd1c75-df76-43db-a845-2bfa1d3e4d7a
issue-other,9deda388-0dba-403d-97e4-20b8d3da26f2
issue-other,9e07ab0e-ea4d-4e1b-b1da-1923c305a2fc
issue-other,9e53f0ca-e479-401e-8456-e0aad530db64
issue-other,9ec6712e-a862-4605-ae0e-e6998105f921
issue-other,9eca83ab-ecb4-480d-b6f1-dccf7030d4f1
issue-other,9f0e484a-b7d0-47bd-b5eb-18809f7795d7
issue-other,9f24da10-3b45-4540-90fb-20bb4c9f1675
issue-other,9f29c862-80cb-4e3c-9643-b8a9a5f515a2
issue-other,9f2bfb0a-2810-4737-abf1-52ea9994aa88
issue-other,9f56f6fa-c325-4bf2-88ea-674cd819bc61
issue-other,9f627c3b-921b-4156-b704-04d88e86b0f7
issue-other,a0036cd0-72ae-4d2d-98a1-c12938dd166c
issue-other,a00c4ed2-8574-48e1-836d-4412433a0c4d
issue-other,a01af261-4fd2-4cea-b145-a94302642093
issue-other,a0558fc4-0338-4308-95e3-09070de8602f
issue-other,a0a65b39-247e-4ec2-80c5-c493be962965
issue-other,a0bb98ee-cc8e-41a2-add9-4aea99a67d33
issue-other,a0e50ac1-1728-4a56-af7c-2ebaad26d0f1
issue-other,a0f95cb8-89fa-4c8a-aad0-8c5feee78d26
issue-other,a0feb4d8-59d5-4ef0-8102-86b454007a5c
issue-other,a1341a3a-7bd1-4dd6-911a-051c87f7a215
issue-other,a1462409-3dac-4fc8-af8d-467ddbba2f67
issue-other,a1a28752-3256-4f81-b888-3e943343529f
issue-other,a1a39e7d-28b9-4590-b271-238a9f369c08
issue-other,a1fc7623-eb32-4b1c-954e-fb39be339dbd
issue-other,a20fde5a-e045-4f21-b51f-92d32d8f88d9
issue-other,a22b3b90-1cf5-4e58-b908-77d1ec171932
issue-other,a24a9d04-7ef1-4a05-b1c4-6d5c2cac56a5
issue-other,a2926330-2f8c-492e-9853-c27d641805dd
issue-other,a298a80b-723f-4bc9-a8ac-02cf786c185f
issue-other,a3095a8e-f743-4944-b4a1-c141847911e2
issue-other,a39cd66f-a73f-4a0f-b29e-ef3499a5e327
issue-other,a3e53b9e-5f38-4775-b459-e63730f4379d
issue-other,a4090bde-48e5-42cd-9b23-1a0feced2614
issue-other,a43116ad-cb96-447f-98bc-6720c83181de
issue-other,a4877b5f-514e-4d48-8864-2ace0f85c0c4
issue-other,a4a6d9d0-c0a9-4eb6-a3f7-c662d12f4df0
issue-other,a4dbf668-e3a8-4a63-bbd7-c1ca51975ab7
issue-other,a4ead906-7931-4aee-b900-52329ad8f3e9
issue-other,a4eb8dbf-c2dd-4158-9bd6-544e2ef73f0e
issue-other,a4f18db3-640f-450a-a58f-04ca52460788
issue-other,a55554ab-df17-4d0d-83e9-8e684f320761
issue-other,a598cfe0-473b-4665-9eb2-4eebb3c1d877
issue-other,a5b0a726-90e6-4e4f-b8a8-8af367a88492
issue-other,a5c14284-5e10-4771-afb9-b4658c239abc
issue-other,a6486a2e-a50d-4fbd-9d0d-aac07a48fd70
issue-other,a654f2ef-d9ea-422a-86ee-68e5912576ef
issue-other,a6841d49-7581-4e92-b91e-845f7eaafc8d
issue-other,a6b1b10f-073c-441c-9f7b-01c01c107faa
issue-other,a6df71bb-590b-4501-8f13-b400160682dc
issue-other,a6f713fe-b34f-4279-843c-03d71828a1d0
issue-other,a6f8dcfb-2a8d-4bec-b01a-d128187e4167
issue-other,a7045f5c-c61f-403a-af4c-81967987ec60
issue-other,a7157a70-51e2-4206-a1c1-0bf8b41619f0
issue-other,a71ea172-e0df-483b-a216-edfbffbdd401
issue-other,a7809edf-6f39-4442-9676-963ccfd9b3cd
issue-other,a782d95d-9548-45d5-94a4-c74b55cd6371
issue-other,a866e4b2-e63c-4d72-858f-63e1330eb2d8
issue-other,a868bc4f-9657-4a17-8fb4-1ccff8aadb47
issue-other,a879f9c4-1fbb-4b00-b715-59bfb5c391f8
issue-other,a89bcdc7-f005-4542-9ba9-7a74812c804b
issue-other,a9057b6f-2a1d-4ad1-936d-d0bab81e07cb
issue-other,a967ce40-276a-4e72-adcd-db4511f3b769
issue-other,a991a537-3ebf-4cba-a4eb-fc602bf6e936
issue-other,a996f643-78f2-4abe-b9ab-6517f219e24a
issue-other,a9afa9d2-0678-46fe-a548-0747184bd6cb
issue-other,aa285dd1-fd57-42df-98a1-6303df977342
issue-other,aa3d668e-f8e0-4337-8938-c4b06cd679d8
issue-other,aa429701-ce66-457a-8d76-3a73a2c01ff7
issue-other,aa507367-e1f8-4dda-815a-38e5b5e7a81b
issue-other,aa94c946-8e7c-48dd-a673-87c5389b2edd
issue-other,aa980c90-d201-485c-8276-bdf5a280827f
issue-other,aace4b14-3d35-47b3-bcbc-7eaf62794255
issue-other,aae4066a-b1ba-48db-9c17-49eae089606a
issue-other,aaf0026a-3cd3-483a-806a-e78963496b8e
issue-other,ab335b37-ea0e-4ad2-b55c-24f00e5d2896
issue-other,ab429e3c-2787-46f5-96f3-a777346dc75d
issue-other,ab4dd6de-19a9-4ec7-9d18-5517ad5a185c
issue-other,ab8501d5-beb3-4641-a840-347ee4fed462
issue-other,abb18d5e-cbe0-4326-a941-659a07d2ebb0
issue-other,ac0639e2-ebb8-43f4-9d26-a68a2959e5c5
issue-other,ac2b6c57-fbad-486d-8464-977e8d0a2779
issue-other,ac3773c8-4927-4b30-825a-d7ddea1efe0f
issue-other,ac44a3cc-445e-44b0-88ac-44a05bc1b740
issue-other,ac897b7d-2ac0-4fbf-9511-8485c252602d
issue-other,acbbc872-d942-4d0c-b9a1-3c9300dc406f
issue-other,acdbd6b2-c6e7-4479-bf2c-3d3e6f4fb2b7
issue-other,ace891bc-92b6-4cea-b5f6-d24758532722
issue-other,ad456291-841a-444d-b74f-766500baa2cf
issue-other,ad8dcc64-4bd5-4b02-b602-6c53f38f63c1
issue-other,ada27c60-c837-4020-b76c-228eaf34d2aa
issue-other,ae278ddf-5b6b-43a7-b8b8-4b435b93888f
issue-other,ae41282d-03b4-45f0-87d0-4620204e35c3
issue-other,ae63bf7e-cf07-46fd-94d7-91916072d41e
issue-other,ae73d7b8-6ed8-4da7-8cc2-b02d2b29051c
issue-other,aed1a8af-d7f8-499d-9772-bc7272db0e0c
issue-other,aef65315-9f5e-4b1a-88fc-2e8c3e9a8f1e
issue-other,af20f117-af1b-4d89-a6ac-ad94688065c3
issue-other,af95bd7c-740c-475e-9d92-c1de64a06aab
issue-other,b081feb2-7047-45ad-b26c-bc7b0732b330
issue-other,b0d0660d-b859-4d87-97e8-7420f05d1f94
issue-other,b0f99fa6-3757-47a5-b27f-9edfabab0c8e
issue-other,b0fb4c8e-e2be-432d-84bc-b4f30b0d2aa5
issue-other,b1492d81-6a4f-4b16-a9c5-9d1aff9ead7b
issue-other,b15b9266-635b-444b-a81d-76dab53abe05
issue-other,b18f5dec-fc01-4a1a-a595-a4f3d4995471
issue-other,b1b24296-f44d-4050-9895-caf741f095be
issue-other,b1beb540-0a06-4396-9677-161fbd8029b6
issue-other,b1f96635-aff7-425b-b1c1-d96eda435442
issue-other,b23c59b2-ddce-40dd-bbf0-d5ceab6079b8
issue-other,b2a8c2a5-ac36-486e-a578-189f45f7a582
issue-other,b2c99911-82c3-44a3-9793-95baa6dd39ee
issue-other,b2cb286d-3ec3-41af-9640-3a02374598d4
issue-other,b2f3a807-2622-48b7-ad90-c8a48906fdc9
issue-other,b36bfaf0-133d-42ca-895f-e278d49a1db4
issue-other,b3b6102c-101c-49ab-9528-2f586cbcb002
issue-other,b3c12721-0641-4af4-b3c7-f586f4a5ae92
issue-other,b3d244c9-4505-4b04-b124-0bb2f72a0603
issue-other,b3e0905b-5baf-45f4-abad-9c9847536614
issue-other,b456fca5-1836-41f9-abc9-fb829e624c92
issue-other,b47c203f-366e-4409-922d-cd52aa8bbef6
issue-other,b4c7659f-9c2b-4566-aba1-0e3cf9349721
issue-other,b4e1add0-0e06-40a5-8ee8-647d74658f75
issue-other,b51113df-1fde-4ec5-9e97-0f34ced1bfa4
issue-other,b5379880-6ef0-4231-956b-88f95ca6b878
issue-other,b53b9676-22c8-48e8-a8a0-48e4bddd3abe
issue-other,b53c85b5-3c09-444c-91bf-0cc86d226c32
issue-other,b53e7ed6-595a-4ed4-876e-3fa6dac94947
issue-other,b54445d1-58ec-4034-9c03-0a381cd6f5a1
issue-other,b5559be7-24c8-4b9d-973c-7ac0cf587839
issue-other,b56a7dac-2b68-4919-a02f-c1c923d9b099
issue-other,b5744d4c-f7e2-4464-8acb-87315e621016
issue-other,b5b7243b-4e06-4781-9f91-4e62c93f6efa
issue-other,b6a36651-639a-4a9c-8d17-7c56a9c072b3
issue-other,b6d5d8ef-95b0-4c00-876b-b400f6fdc1ac
issue-other,b6d74830-ee50-41d5-a520-09bf70a8727f
issue-other,b7178947-7b74-427b-9684-e5c442ca3fdf
issue-other,b734e4da-149f-4e18-8bac-eb4ffe207958
issue-other,b738bd94-6f77-4a7a-bf44-e241dac4ee1f
issue-other,b750d407-b4fa-4b08-846b-44584d29ec0a
issue-other,b7683c3c-59aa-4de8-a730-d4112ed93c9d
issue-other,b7b08a89-95f1-4285-95a0-8cb92e8da7fc
issue-other,b7b125b2-12b3-45bb-8e36-043dcb449c60
issue-other,b7c25e40-0a58-4055-abe6-89c4746418c9
issue-other,b7d87a12-258a-4837-9d84-41adc58fa4c8
issue-other,b80d1034-0b6f-472d-ae7b-4a753a4fba68
issue-other,b885f934-03d5-4c35-a279-e94a71cde781
issue-other,b8942dd9-f258-4c66-b7bf-0d59a7e05f78
issue-other,b8a4a6e9-4a71-4349-aa67-346b5f75cb70
issue-other,b8a755c0-856c-4e5f-b923-e17bc18b6ad4
issue-other,b911f06c-063d-45e8-b561-f15b879ee1ee
issue-other,b92a7381-b5cd-4c77-9176-e5c4b4818c8a
issue-other,b995ccbf-47a6-4d10-8639-bfd2ecc5d25e
issue-other,b99f086c-ce4b-4084-b6bb-2bf1a26765aa
issue-other,b9a3e661-0eac-4cc9-a30e-7b1e11ef1315
issue-other,ba26bdc7-1f13-4736-bbaf-447863f94657
issue-other,ba52c814-1bc3-4e0a-b0c6-9bdc87e5d028
issue-other,ba5b2611-dd19-4072-8d53-9f4c1bac54ff
issue-other,ba766c9b-a627-445f-acd7-8ce8feabcb12
issue-other,ba8acd84-a311-46e6-a2bb-406bdfdcc58f
issue-other,ba8c8f81-da95-4312-91d6-f3e340be08fd
issue-other,baa8c620-192f-4e72-9ea1-4ba678efb50c
issue-other,baaa29a9-4008-4a56-8f78-0a5818ce742b
issue-other,baefeea0-457d-483f-91a5-9655e8c689e9
issue-other,bb389781-9ca3-444f-80dc-34802b2f56c0
issue-other,bb3c5f66-35ea-4c0a-a090-9ee9425007d6
issue-other,bb42f0ac-e620-4b18-b9c9-7c689662843e
issue-other,bb45721f-3de7-4bd4-9f99-22c5c59a8087
issue-other,bb59cc60-f8ee-4e9a-a450-4d1643ab4d94
issue-other,bb77bfb2-6eb8-4c6c-88bb-491c7da75196
issue-other,bc0d5d51-973e-4947-ac0b-084b4eb39f19
issue-other,bc419a71-f97e-4971-9c50-99fed872895c
issue-other,bc4caa78-96ba-4a88-95bb-b2f5b2eaf85e
issue-other,bcc22f7b-3746-401a-9c96-e9d74899e437
issue-other,bd49704f-7040-4ffd-9298-6087f4f8e6a6
issue-other,bddf7f0e-a10c-4307-80dd-9fb8bf359d55
issue-other,be0de0a7-9712-4348-ab05-3bf7ccf6f720
issue-other,be9d55ab-c9f5-47b9-b1d8-c9094fce49f5
issue-other,beb3c153-aeae-43f7-99b5-8c5ea1697532
issue-other,bec25555-202d-415b-b497-02c9647a12c4
issue-other,becc11de-58ae-40ce-8062-3e45263a4f2e
issue-other,bf9d0fb6-97be-49de-a1cf-9c30c0f57cdc
issue-other,bfa5936c-26af-49ce-a7ed-2dda4c421ba6
issue-other,bfaba39c-2b95-490d-8f27-394910f0b15f
issue-other,c04ee7e6-5805-4f28-9818-14af82a9f55c
issue-other,c06049f9-4df9-4f97-9878-5225f50225d5
issue-other,c0b9230c-31d5-4c11-8da4-da7f524ce159
issue-other,c0bd07d3-9ec7-42cb-8811-f8ede24a6bb7
issue-other,c12e63df-3354-41c3-a5a9-e10bd8e4ce31
issue-other,c13494dc-510e-4d79-a597-8f38c1bb8c62
issue-other,c1685ff7-d7a2-422d-b5a4-de159c38b49b
issue-other,c1ab120a-f91f-4ee3-87f5-66f352e2d47f
issue-other,c1eefc8f-efc2-4ce8-860a-c9ad778d2538
issue-other,c252dd96-c248-411c-99db-92905dc1785b
issue-other,c2553e1c-b37a-466c-b362-b9c4a1811208
issue-other,c2c4a1ec-69cc-4a5e-93e4-909fc389e37e
issue-other,c2cbd478-c969-4113-9c62-82b152dc96e5
issue-other,c2de314b-d605-4b5b-bfb5-b55c8293dfe7
issue-other,c36601ef-9731-4b4e-9dc1-04e7951766f3
issue-other,c368fac2-6d91-4291-8f4e-a5b315e49162
issue-other,c37bd4f9-d2e4-452b-a81d-bec14b14eca7
issue-other,c3a26471-eedb-4ee6-876a-4e8e133d67b8
issue-other,c3b325a6-ea85-425f-8fb6-f5e992a4fe35
issue-other,c3fcf858-7b2f-43be-9d2d-73f481c2cba6
issue-other,c42a6984-d097-455f-a3ae-3c4f62028b21
issue-other,c4ae0d0f-3474-47de-9d68-bde0d3f69fc2
issue-other,c4cf35b2-e85f-446e-811a-e224fd0861a3
issue-other,c54b3418-5b8a-4f5f-9a55-634e8348db4f
issue-other,c55970e2-9223-4e83-92de-9b7e4aac0663
issue-other,c5f7a43b-3b6d-4b3e-a029-db8eb6740978
issue-other,c6304b8c-0426-4f6e-81ab-b7e944cd1fb9
issue-other,c6368c6b-19ab-43f3-b43d-ef46efa35a3d
issue-other,c658516b-3ee5-4d0b-bbbd-825a79155d86
issue-other,c66f83a1-a9d2-40b3-b27b-062f3a23de75
issue-other,c6919374-f6e8-42f5-9587-3df7e28d8f89
issue-other,c692e209-80e7-4d48-977d-09a24fc3e95b
issue-other,c6c71fc5-accb-4c8e-9dda-e298bdb9e094
issue-other,c6c8eec0-fe3f-4226-affa-3f7a11686b3b
issue-other,c6f0ea9c-512f-4939-a6da-537e53865f24
issue-other,c71ae4d4-cb79-4974-8988-a767bb11d431
issue-other,c722f3e6-7cfa-4e51-a74c-d9a08207daeb
issue-other,c753c6c4-fae2-4f9f-a05b-82ee1478016c
issue-other,c758f6a6-adcf-423d-9ce1-d2f5a738905f
issue-other,c7893519-0e95-4aff-9b1e-f66270647a32
issue-other,c78dd9ac-8538-41d0-8450-209a21ca7d6b
issue-other,c7c249b6-aa22-47bc-9647-c9fbef46bcff
issue-other,c7c841f4-10c3-4e05-b576-19a965c6072a
issue-other,c87707a0-3dff-492b-a4e4-81475e0159d3
issue-other,c879f31f-6754-4e04-8207-7a61193f3ef2
issue-other,c921a5e2-507b-4388-abe9-00b1dde82b4f
issue-other,c92f7633-f82e-41a9-af90-8800580177bb
issue-other,c95624e6-5593-4835-9531-d856ec57dccc
issue-other,c956d13e-92bd-42c7-bdbd-706d84d2f16c
issue-other,c9733e2b-f154-4a03-b7be-52f85cb47122
issue-other,c9a6c641-a65f-40ca-bd4a-cf7e1211ccc0
issue-other,c9d322b8-f998-4566-861f-a6e5dac09789
issue-other,ca16e65d-d2ff-4453-a495-b8c422809330
issue-other,ca4ba39b-9252-47af-a311-16eab2c7130e
issue-other,ca61378b-0a22-4f1b-b888-0e5970bfefd0
issue-other,cadde095-b449-421b-b0a9-ae2c688653f8
issue-other,cb0a51fb-62bd-4ddf-959e-325df113e570
issue-other,cb316cfb-2e8d-456a-bca4-39b9fba8bf22
issue-other,cb680f4d-8f80-4441-a1df-9883a86224c4
issue-other,cbd99ac1-bb68-4fc7-87ad-7436df086192
issue-other,cc35ce0c-2226-4b3a-ae12-5393600e38ad
issue-other,cc45c4bb-4279-4e5c-b079-bcb078e73342
issue-other,cc8b745d-1fbd-4fe2-a529-b61889c27d8a
issue-other,cc92f3ff-912a-4ef1-ae38-8fcaf5757f18
issue-other,cc9ce1d9-a60b-4f1d-be4b-17b453e46d1d
issue-other,cccaa787-7b5e-400e-a102-e1fef404aff9
issue-other,cd1d1b59-9de2-4181-bf4c-635a5d5f8e1e
issue-other,cd267526-a2c8-4fbe-9a8f-7066e4bb24e6
issue-other,cd74033d-5486-4b50-91b9-7dbe866b48a6
issue-other,cda7b3ca-ad5a-4d88-8fed-158b30a9724f
issue-other,cdad6c38-9712-4d88-97c4-7ff5f11b46df
issue-other,cdc19aa5-05b9-4446-b366-9d5713b53795
issue-other,cdedae88-f804-49fc-976d-5f8776638a82
issue-other,cdf8ab83-2a97-410c-b80f-7e93324cfc1d
issue-other,ce36d932-d4f8-4442-9bca-71a73b956476
issue-other,ce65aa2f-b020-4b8a-9dec-36f64ff2d03f
issue-other,cefa7f81-e9f1-4890-b6d0-427fb5191ffb
issue-other,cf132974-8e42-45c3-ae94-81d0bef2179a
issue-other,cf6276b9-8dab-4af6-bc1a-1de2f46ade9e
issue-other,cf70803a-d265-4210-91c4-6092b5ac287c
issue-other,cf8e5a26-5a72-4b78-b61a-4f5df0de50e6
issue-other,cfcd547a-ba64-4ece-8408-5129e5c11819
issue-other,d0127be3-9a20-4df1-aa0c-77050e1fce91
issue-other,d0600aeb-aa31-4285-bd78-895b16d4e06b
issue-other,d0a09e14-602d-4dd4-9812-7957a66f3a63
issue-other,d0c7f306-e7da-41ac-b729-ca1e37a984df
issue-other,d0d6d94e-8e3a-4ab7-8dda-9c4767156ba4
issue-other,d13222ed-e020-44a3-a734-bae6d000138f
issue-other,d1407f3f-e021-4e74-8714-5aaba7fe5867
issue-other,d167c1df-b952-47c5-baf7-51f14813d7aa
issue-other,d197da5e-97e1-4a54-ae92-f4b43c2d535e
issue-other,d1c8823b-b7f8-4127-970c-fe3fe33526c3
issue-other,d1ef5481-3899-4f26-8c24-91864d9ef8b2
issue-other,d1f096de-97c1-451b-9e62-b1d0c2bc39b6
issue-other,d1f7dd32-0cdb-4b40-92c9-68172fd00547
issue-other,d212be25-310d-4bdd-b5e3-83bf238b68af
issue-other,d2259163-18e0-48ac-b7ce-bcc866702e6e
issue-other,d2340687-c27d-4823-9d2d-4b9f69dfd798
issue-other,d2423723-b581-4e6e-8022-e6a017f9799e
issue-other,d25a0687-0119-471b-b62a-b71bb492e20e
issue-other,d27e9b26-a7af-469c-9a4e-8deea2db72ae
issue-other,d28e9e76-650a-47da-8873-03b8cca514be
issue-other,d2daabc4-83ba-47d2-8cbc-0e860d44779a
issue-other,d3669e28-52a0-42fa-ac83-cda5cfd6e362
issue-other,d3db4f68-a823-4bf2-838b-9488a6b05151
issue-other,d3ddb3ad-e576-4638-a100-926ba56caabe
issue-other,d51a3569-ca3e-4e34-add2-f10d1f4ddf69
issue-other,d52c16eb-e19a-4c02-b574-21983ec4ad65
issue-other,d5aa392b-4ae8-4575-a6c4-36defe15087f
issue-other,d6085146-44d4-4f79-bf63-92e814c59905
issue-other,d6159d51-817b-4cd2-9180-d694e657d473
issue-other,d64d5a7d-b46a-4a30-ab2c-c910bb4063ac
issue-other,d68b953a-21b1-4c7a-9a51-fe5ca5d660eb
issue-other,d6d4c6db-4fb9-4c7c-b86f-e0b2edde4175
issue-other,d7447e2d-9024-496c-bea1-da90d6c52b7e
issue-other,d7595ee3-060b-4870-86e4-b9d5b68359be
issue-other,d7a99ac5-f95e-4040-a97f-48621742f29d
issue-other,d7faad34-bcb9-44ad-965d-0615f46c6b30
issue-other,d8982df7-c7b5-43e2-bd25-e0025459b6e5
issue-other,d89a4767-4b55-4ae1-948c-8ff820cc2c8f
issue-other,d8bbde82-42f6-4c62-9f27-209fca593320
issue-other,d8e68f89-4654-4d22-a048-19db5de9bfe8
issue-other,d8ef1fc0-01b4-4ea3-86ef-8fbf3584863d
issue-other,d8f30dbf-fd01-4ee2-83c1-7cfd430e7cb9
issue-other,d900bf09-d722-4d78-87e4-0f57dab7bb03
issue-other,d9569fd3-0000-43ae-9550-ebdacb7f577f
issue-other,da23c377-bf6a-4a30-a4d7-bb2ad8ef9761
issue-other,da3016a9-0239-4946-a5ba-208834bed41b
issue-other,da4de3a8-5c66-4c70-ba89-e0ab11b7f543
issue-other,da632655-58d7-4bea-82c1-56a032fb910d
issue-other,daaa304e-42a0-42f5-809e-e99936079030
issue-other,dab99109-984b-40ac-b9fb-b8920cd0992a
issue-other,daf71f7e-0d22-400c-8871-06d77214897d
issue-other,db71c750-085e-4c37-a183-4fe6534ed161
issue-other,dbc8d36a-9941-4fc0-a95d-62c1a44212f8
issue-other,dbf0122a-8d0a-4f26-a5d1-defe7da4a521
issue-other,dbf5b4bd-a953-44a6-83c8-ee62792c07dd
issue-other,dbffe61c-c2dd-4cf2-8a60-70a88d47abf5
issue-other,dc07d33f-3ee3-45ac-8c24-80c19cf30fcf
issue-other,dc1bc630-5867-44b0-8b93-4130cdb8d478
issue-other,dc1c3076-9e97-4785-9305-7b2e034caab6
issue-other,dc9dabd6-3be9-4dfd-bca4-0b2880e93cd6
issue-other,dccc24b6-093e-4e51-8ab7-ddb6d3794857
issue-other,dd023c1c-0aed-421f-bdea-1f77f9c84f00
issue-other,dd095ba0-3024-4d29-bf67-f31393e5bd41
issue-other,ddcecc54-0646-42ee-9b8d-7e317ae2f1cb
issue-other,de2d9280-a52a-461f-a34f-855a3f4aa779
issue-other,df4b149c-bafe-4ce9-9816-01181085e0b5
issue-other,df4d29d9-6a5b-40e4-89cb-f94eb42608b0
issue-other,df618123-148d-4889-b81f-a00368e8f0ed
issue-other,dfdc500f-ced2-465b-9ca0-e47338370be9
issue-other,dff83b18-b895-4d48-970c-111e98225035
issue-other,e0600fd6-8152-40e7-886a-664fdbcd5704
issue-other,e064ac8f-9e68-4964-b1f5-7a565c50039a
issue-other,e08d565d-acfe-429a-af1c-fac19c36ec79
issue-other,e08e431b-1ce4-49f4-8b7f-327f887dd9ee
issue-other,e0a5cd51-7c3e-4d47-aba0-0eb778bdb02b
issue-other,e0b06a4c-16e0-4ebb-b526-4ec7ce140cd7
issue-other,e10ca420-992e-408b-804d-4d71bae9b87e
issue-other,e15cccf1-f190-4df5-ad70-3e8970451a19
issue-other,e23769d9-929d-4ba8-a71d-5889b29daf1a
issue-other,e2c1010b-c147-4511-82fb-58e23740971c
issue-other,e333619f-53a8-457c-a81d-dfa08c421a7e
issue-other,e33db674-884a-4a1b-a20d-ba477d773125
issue-other,e3474523-11c9-44b5-976d-3e4a6ab622e4
issue-other,e35e4ccd-5303-4416-900d-a040fa85bb86
issue-other,e362199c-7333-4243-83d9-f73bf1e11624
issue-other,e3685104-4c36-439b-90b1-ebbbe58c7d63
issue-other,e37fed6b-6102-4e03-9a64-83a44869c1bc
issue-other,e3d4d413-89a4-4006-9589-4c2ed9f3fc3c
issue-other,e3ff44f8-6ca0-4fbc-a8d7-3e66cb00b9cc
issue-other,e43b223c-3874-4595-b2da-f35f2dde109b
issue-other,e475d5b5-fd81-47be-98f4-14921c2c5278
issue-other,e4a46ede-48ca-43c6-bf21-9143cb887d02
issue-other,e4d8cfa3-4705-4cca-9662-0b1dd67e3550
issue-other,e5936ca0-d1c1-4f93-a888-b8d0653e3c49
issue-other,e5a1a9b0-b01f-4e86-947d-e702609f1b27
issue-other,e5c17d1a-8504-4ac7-8aa1-161bd2adeb35
issue-other,e5cf49b7-44af-4ebe-a7e4-1819829a897e
issue-other,e5e362d7-1057-43bf-a3ca-8ffd93f80789
issue-other,e60e12e5-a166-4a69-8836-c6576f984a7a
issue-other,e61eb77e-1113-463c-a756-3e97ab43dc81
issue-other,e6afb45b-08a3-4e68-894b-59ebc9524562
issue-other,e6cdb124-6230-4797-b269-113b006b20f9
issue-other,e73bec95-8a6b-4c43-956a-e5460b5fea60
issue-other,e751c62f-31cb-4375-be52-775959e4b268
issue-other,e7a5a1dc-389b-4146-9089-36d111aed87a
issue-other,e7a83451-3a59-4b65-9217-7fbf504c674c
issue-other,e7c4ea6b-a423-4edc-8e29-ddad5cba67dc
issue-other,e840ba67-398b-4ae8-9e3e-4c498f64e2d4
issue-other,e89abb55-4bcf-44df-bbd2-7fc2a4cd7846
issue-other,e89c32b9-af2c-4ef1-bc91-ed58c3a8f407
issue-other,e8a63d4d-dda9-4777-9267-e78e35436c8b
issue-other,e8dc2ca9-7bfb-453e-a7ad-adefe0996c4a
issue-other,e945a4bd-a08f-4aaf-9dae-093a92afbb92
issue-other,e9475613-3f39-48b1-8a58-cd176224af26
issue-other,e956f3a5-3f54-4335-b59c-61a1436c265b
issue-other,ea04c626-5d7a-422f-8f45-f36ae4cb6ff5
issue-other,ea19cbb7-373b-4122-91be-3900e0dbe880
issue-other,ea2ca812-90c0-4e48-89d3-f0851260cbc7
issue-other,ea91268f-57d4-49d5-b251-dc35efb9c58d
issue-other,eab26d38-d3a7-471e-917f-d0ce82cc3e7a
issue-other,eafc278c-3f57-447f-945c-580ae5a4815c
issue-other,eaff8ad5-51c1-4827-a210-2a2ed0b71e29
issue-other,eb0d585e-01bd-4389-9d8b-81e2c373a223
issue-other,eb116885-855e-4b20-b305-8f57a4a24b4a
issue-other,eb358010-b2e1-497c-aa8f-716b26075834
issue-other,eb3ecac4-41f8-4bbb-afe2-439e26edaaab
issue-other,eb5dbb5b-5071-4e63-a419-c0e950e000d8
issue-other,ec10d82d-0f18-4100-a634-5602e4d53b57
issue-other,ec2211bc-2420-4c88-a056-fbaa7460c8ed
issue-other,ec82573c-2098-4292-a17b-4690612181a1
issue-other,ec90f200-58f4-43e4-bb82-48c32c345772
issue-other,ecd84201-27ad-4b6d-8c76-bfcc75676ab1
issue-other,ecdc24a7-985c-4924-9aaf-1337abaf7ee2
issue-other,ecf5c3b8-d8dd-4f53-947e-e7302ccfb165
issue-other,ed542722-819a-4cf7-ba2c-d48f969b98d5
issue-other,edd262aa-52bc-45b4-bec0-af1472a3770c
issue-other,ee0f383b-d50e-4548-b42d-9e3b53fc0962
issue-other,ee17dcd6-07c0-4441-8e64-e7ea57877c78
issue-other,ee45e17d-206f-4e19-a1bf-8642a301fc31
issue-other,ee6e4392-a949-4359-8082-92dcdd6d66bb
issue-other,eea7a000-e43a-4763-9c04-c6339dc48730
issue-other,eec5eef1-0e86-458e-949a-8a066a5a7c46
issue-other,eec69a7d-e5f4-4a4f-ba73-d5ab20381f54
issue-other,eedbfec9-288a-4767-b731-43860b1963f3
issue-other,ef2271a8-e430-4dea-83b2-5603d5e8edcb
issue-other,ef55f891-364b-4a5e-8e1c-aecdcecca4b0
issue-other,f04a4a8d-5786-4b65-9b93-7910c89809ff
issue-other,f062e73e-aa78-43dc-a5e4-d268ce3b6abb
issue-other,f086a305-46f6-4371-b717-8b53efb27872
issue-other,f0a061ad-067e-4af2-8b9e-1ea13f05ac81
issue-other,f11c7a04-6d3b-423c-b7ef-d14cde8fcbdd
issue-other,f12831db-8a7b-4cb5-89e7-311adac2f86d
issue-other,f1505de0-6350-4751-8eb6-3f632bc0e8de
issue-other,f1532a7d-a47c-40eb-b41f-da17a379f9fb
issue-other,f194e2f2-3372-45db-8c72-afbee54d0b7e
issue-other,f1a08723-b200-439e-85e8-3e55410f8711
issue-other,f1cdfbeb-6453-4804-bfca-cb330a3158e7
issue-other,f1e3825e-dbac-45b8-8879-b848dfd97208
issue-other,f2011e93-cdd4-4c69-9b22-a25bcc6a89bb
issue-other,f28a1006-66cc-438c-8c86-3ca3e0742cc0
issue-other,f2b6dd3a-ee67-4cc4-a9cb-ad62bbb03be5
issue-other,f3111e23-5a71-45d2-af75-d1f19595759d
issue-other,f31b54de-e560-4f57-9ef8-784f0d543c8b
issue-other,f3fc4918-cd1e-4bb1-9bcc-31949d8405dc
issue-other,f4130147-1f2f-41ff-97af-822626312b0d
issue-other,f44072c9-2e47-41b9-9099-7435445026b0
issue-other,f475689b-6aac-4e86-902e-29c72232089a
issue-other,f47c53fa-b0ff-4468-8ed3-8d85f06e3de3
issue-other,f47d5c07-898b-4fcc-b438-4151dba80edf
issue-other,f4ba5cc9-5c73-4592-8447-d2d6b19fb201
issue-other,f52b3bbb-36f8-4a01-b896-51c6801ebf8a
issue-other,f5f644ba-7b28-4d56-a494-2fcc594c1fa0
issue-other,f641ccf6-3b83-4fe1-ab3e-1f40ea3160be
issue-other,f6e6d03f-5e3e-4c71-b182-cd3db9a3841b
issue-other,f71a7dc4-b99d-4352-96d6-25a252efc0e0
issue-other,f7251c58-fd4b-4b3c-ac18-6c639144cec7
issue-other,f7385d33-7249-4a04-87f2-e4aaa537e83f
issue-other,f79c6860-6563-422c-8625-ba30d196aca5
issue-other,f7bbd417-2c54-4886-a588-e10a196e377f
issue-other,f7cc1aa7-c306-4f5b-a5e9-911cca07fa60
issue-other,f8085372-bf88-40c7-ab33-a01c29f3776b
issue-other,f81fd9e1-46a0-484a-9b7b-dc02e2d4140f
issue-other,f87b4f85-ca34-4217-9721-2d7a6ca904a2
issue-other,f886399a-0f1c-4dcd-9c20-7310fdc4fb2a
issue-other,f88d6d14-fcd6-442a-9924-40e0f21381d7
issue-other,f895c016-8d3b-420e-8579-d1b901c0063c
issue-other,f8a259f1-cbd1-4fa4-b362-f790b4b50ccf
issue-other,f8aaa13e-00a6-4d3d-becc-9678bb848c3f
issue-other,f8cb64b4-ff79-4267-bbb0-3f3f1dab938e
issue-other,f8d74f82-2e68-4ae7-8475-8e0c75849d41
issue-other,f90bf6b1-08db-405c-966c-9190e3544aa0
issue-other,f91c2f46-d058-478a-a881-4786d388658e
issue-other,f93cfbf3-385e-4924-bb22-e20b32b66bd1
issue-other,f973871e-2efd-432b-a0e8-b64572fed30e
issue-other,f97b3b32-5313-4eb7-a152-5280d30b82bc
issue-other,f9d0138c-6c86-4955-b8d4-dc83ee047eb5
issue-other,f9dc5ee7-c99c-4432-9721-d9aa37207f04
issue-other,f9dd82ed-59e7-441e-b999-41863d09dc1f
issue-other,fa18840c-00dc-4673-b46c-2788e3b8b16a
issue-other,fb908616-42f8-44c2-a9f8-50dd1c457bd3
issue-other,fb9eebc5-42b4-4c2a-a8ef-ab2578b17427
issue-other,fba84c11-f57a-4bd1-8abd-55130338342a
issue-other,fc263838-9e0f-4a1b-8406-335b2893b0eb
issue-other,fc5e256e-ad37-450c-8c3f-676c23140286
issue-other,fd298789-120e-4bbc-b3c0-84dc81d04bb7
issue-other,fdc665e6-325e-4ed5-b0b5-b51e1a380c34
issue-other,fdc89f63-0447-4ac9-8e7d-dc50de9885af
issue-other,fe296b2d-1b40-4884-8f9c-89da6a414deb
issue-other,fe3edac7-ef21-4c7d-94da-061c22596bae
issue-other,fe574f47-9461-47ee-a063-68a7d26a3c30
issue-other,fefd9bd7-ada0-4fb6-b837-dde8cc4c5844
issue-other,ff429066-ef74-40c1-a9f2-5dccf04ed563
issue-other,ff7d9996-1590-4b3f-8e73-7cec84479e74
issue-other,ff8c3f32-5040-4286-8fea-c14ca80eba11
issue-other,ffc84241-b8b8-4c18-9a05-857dc1ac7f01
issue-other,ffd4c92a-cf61-442f-8c6e-5e50ff68d6d8
issue-other,ffe686c5-762f-44c8-b3ea-944484918d04
issue-other,fff163e2-f088-49bf-adcc-6bcd4136141c
issue-playback,004d1c8a-a8c8-4746-b975-cd2f31c2a730
issue-playback,006b8080-637f-497f-893a-e8b2e44f1a0c
issue-playback,01124066-b5dd-4c79-8618-d1bea99d197a
issue-playback,013b1277-bd10-422b-a998-3ceb989eb3e0
issue-playback,013d0737-24f8-481e-b3bc-b3aad1996acf
issue-playback,0148ad58-a4de-4f28-b81b-073ce9a24a68
issue-playback,014b25ee-99ce-4866-89a8-f4f249dcbf34
issue-playback,01543718-4b76-4321-8e76-daf468407a22
issue-playback,022dcbce-b629-4b22-8dbf-900f748a3097
issue-playback,026ecef8-811d-4304-b77d-c5e6c8f68bd1
issue-playback,03102040-7e33-4643-91a7-65ec9ed383f9
issue-playback,03644631-d311-41f4-9d3c-7c829a1aa2b3
issue-playback,03897ffa-988e-4824-9657-410d9a9f944b
issue-playback,039112fc-bbed-4540-83cc-890fcb129751
issue-playback,03c7321b-1f5c-481c-b0b7-75ffeaa07390
issue-playback,04cacca8-18b9-4472-885b-9fa8ea35c232
issue-playback,053dd06e-9a65-4a68-8c0f-78c792d215e7
issue-playback,05af2c6c-d121-4bb0-8da7-a63089c11efa
issue-playback,05fa5b8a-a49b-43be-bab5-38af789a65a7
issue-playback,065c418e-7f18-42a3-b241-fe693b7a2b0c
issue-playback,0690dc7d-6584-4eca-b32b-3b410f61c683
issue-playback,06d4c78d-73b4-4b54-9ef3-3d5a0d18cb96
issue-playback,089b2e7e-5d88-4a16-bede-d7e08e924ece
issue-playback,08c7611a-c6ba-47e7-83a3-5997fbc38b12
issue-playback,09ad9589-07d2-4457-aa39-9051cf9532cf
issue-playback,0a17b60d-ed75-4194-a582-32226ae4b912
issue-playback,0a68fcb4-a885-49c0-a22e-a0fef017693d
issue-playback,0ab0d890-5d22-4cbf-9069-608d76338001
issue-playback,0bdc56e3-499d-403e-89cc-c659ceadc86b
issue-playback,0bf68fb6-2ebc-4035-a0ce-1e306b44f0e9
issue-playback,0c2d0e9c-c6bb-4854-bb02-6818bfb18851
issue-playback,0c8b53c5-0c87-496f-b124-1d7457781ed8
issue-playback,0caf4cac-c9b7-459f-8efa-d52416e7f37e
issue-playback,0db711a3-90a6-4a2a-9c89-a52f22c67f83
issue-playback,0e3a89ad-fda4-4469-b968-c91de2d10e35
issue-playback,0e5a2a0d-7f67-48a5-9edd-27064f670656
issue-playback,0fcf89b2-0b81-4838-bf5f-41c684e43b2d
issue-playback,0fd832a2-f63f-4954-af0a-0c2399c96ae0
issue-playback,105000a5-07df-4721-b809-aee9ccc90137
issue-playback,105017ec-e0c0-443a-8f37-39b0a10d5e03
issue-playback,10878c3f-c43e-43cb-86fe-c993b56403cc
issue-playback,10bf105b-64aa-43ae-bf37-00c6613bb27b
issue-playback,11927374-dcb0-41cc-b54b-e38b05b4fa15
issue-playback,1249b5c2-e9bd-447f-8a67-f72a80407fd9
issue-playback,1253e7ff-4d3d-4f44-9066-f967d7da56cb
issue-playback,12aee9cc-9342-43f7-9027-cf2bce87e3d0
issue-playback,131c2c68-4e7f-413e-9618-94d032c7ac5d
issue-playback,13e7a361-b465-48b1-894f-98d55212e870
issue-playback,145ea602-b8fb-41c1-bfdd-79293a18681f
issue-playback,14c2b236-2d2c-47e9-8d50-2fba6dc4a788
issue-playback,150f3623-250b-4753-8e24-f6d2ef9d2f10
issue-playback,159ab9c6-184d-4c11-902b-10219e66ad03
issue-playback,163a0413-a440-45b6-8a13-3b73f975570d
issue-playback,16c22dc9-4a4f-41af-8bbb-cc4d02cab4b4
issue-playback,16d5c14d-b278-4247-a259-3041e2958ee5
issue-playback,1735c081-4733-4bf8-a480-f7536fffed05
issue-playback,1772262f-23bc-4f87-a8a5-9d12c3d8dde2
issue-playback,179d79f7-d052-490f-a9d6-f97525b32642
issue-playback,186b341d-121c-4b61-ad7c-88275359b0a0
issue-playback,18d4036e-8553-4ff4-9ed6-a4215030722e
issue-playback,18e3876e-08a1-44f6-b993-5a891efd935e
issue-playback,1904a093-2e86-43d0-977b-b8cdc513cbf3
issue-playback,1924c449-0369-4b00-a6a2-22d79be8727a
issue-playback,1964a1c6-98e4-41d0-8417-b32fc1a728f2
issue-playback,19ffafd0-9b45-4971-8267-cdf54335948b
issue-playback,1a0fb174-196b-4708-8d59-212c0e4f58ea
issue-playback,1a9387f9-df00-4782-a90c-afc14934da35
issue-playback,1b3cc224-5edf-458d-b872-78e18f9a07d4
issue-playback,1b66ec67-23c3-4f44-9aeb-19d2098cb2d3
issue-playback,1b751c32-86d5-4aa7-b01d-5f0481f72ca5
issue-playback,1bb6cf60-9439-41d8-8c63-24821b1c2c4b
issue-playback,1bd296d4-d5b4-4a64-9885-72fb1d92be25
issue-playback,1be8edf4-5b68-4b7c-9aed-64608568f407
issue-playback,1c266019-d0ce-4671-bda9-3708a9ead40f
issue-playback,1c4d38cb-9e3f-4f46-99d4-9b4d4880492f
issue-playback,1c8c25c1-d4c6-45c5-a4db-a33e90c35f6b
issue-playback,1cdc3299-75a9-4e35-b790-747ee10ddd59
issue-playback,1cdc5bb2-8e8d-4267-8853-6c1dd4c7ef13
issue-playback,1cf1a1ac-15e3-42d8-889b-a6c7963ad384
issue-playback,1d3c3988-6494-49f9-8ad2-249c6719b7b0
issue-playback,1d999823-6ede-4265-9595-66ca9f5a8f54
issue-playback,1dc7bc15-88a6-47d1-8044-852f619a8c4c
issue-playback,1eb68d63-7656-442f-9883-0520a4736209
issue-playback,1ebc80aa-afa0-4668-be0d-e7f46df5dfae
issue-playback,1efcdc09-0db7-4d3c-a606-be10c1c15d9e
issue-playback,1f2a183c-bdc8-4f77-aeb8-1d564bc3bf4e
issue-playback,1f4afea5-6442-4239-9cb0-e6fde3fe3f99
issue-playback,1fb047a9-d0e9-432e-b19d-06db510557e3
issue-playback,1ff55f94-d0b8-46aa-a2a5-ff97ec74d8bd
issue-playback,201d8a96-0fe7-4779-bde3-0243939a12ea
issue-playback,202ec44c-0ecb-49af-b520-4dcb2e1640ab
issue-playback,208de350-ba2e-4241-9585-a3abfb7888a4
issue-playback,2139aed7-bcd2-4da7-ba23-503064041c3c
issue-playback,218ff248-d418-4f43-942d-a438305e7cd3
issue-playback,229839bc-9835-4657-aa10-016c279ecd46
issue-playback,232c669e-8bfe-4642-b0c9-229c2911cc6c
issue-playback,234c3025-5566-4d2c-abb9-0bf65f2a71cf
issue-playback,23cf7b22-c8dd-4f19-b37e-1f6df6fc2a05
issue-playback,23dba90f-17d7-4ee7-9b6f-1603a2f81335
issue-playback,245e6a6a-1730-4725-a6a8-3dccf5dafb00
issue-playback,24a92a5d-14fc-4b60-87f1-d5a4b99c7513
issue-playback,2535d539-c2c3-4cdf-bef8-846148e9f070
issue-playback,264c6542-5c66-430c-9b37-450197d36107
issue-playback,26702dd9-7162-4ce7-b9ad-43d8f4934da1
issue-playback,26997645-9768-442e-9df0-269ea444d19b
issue-playback,26d8de64-257c-4e88-b048-0fcf1c838e18
issue-playback,26e02ec6-7cbb-4aa2-a38c-cfa40020a45c
issue-playback,272aab0c-4ee9-4fc7-8774-f66d4ccb7d7d
issue-playback,273cb2d7-7f93-458c-bf3b-4bf7b54427a2
issue-playback,276b0c1d-99b3-4fb8-8a08-1d50ac8bfe40
issue-playback,27e8aa55-9d74-41ff-98c6-d1e765a169e9
issue-playback,27f977e4-ce8d-4c01-a955-49e274e9696c
issue-playback,2848c90b-6da8-4f95-b2f3-ae41fad1b15f
issue-playback,2866067b-37d2-4c45-a6a7-20d86d661ff2
issue-playback,286a0ec8-ba6c-4133-90bc-64b6cb99b1b0
issue-playback,290ef99c-7821-4255-818f-bbe28357826f
issue-playback,29b15848-3308-4adb-bc24-52d7d00a9afc
issue-playback,2a229fc3-a863-492f-b78a-82c818f42528
issue-playback,2ad80f64-a9fd-459e-967d-a6298e230851
issue-playback,2ae41bcc-2cdf-4712-8483-70fa42d6f0fb
issue-playback,2b855f9f-b1c2-42e2-bc67-f45bd98fbcb4
issue-playback,2c91edf2-9f0c-4ff2-85fc-2f916fd6705b
issue-playback,2cdb5c5e-645b-46e9-9cd5-430065706c45
issue-playback,2ea716b0-f612-4e84-acae-036285b9096d
issue-playback,2eced01d-f1ed-4587-be97-c796e2036e74
issue-playback,2ed94939-cdf0-4ea1-b6a9-ad18290c0274
issue-playback,2ee4f07f-29b8-49b5-a9ea-30d85c61e02a
issue-playback,2fa0288a-ddc9-491b-83bb-1d33a4958eb6
issue-playback,3002080f-d40c-408c-b27d-030cf76f2ac5
issue-playback,3167a82a-d37e-4739-840a-662cdbfc901c
issue-playback,32698d9e-4609-4415-9c2c-da0259fb9433
issue-playback,32aa399c-bef2-411f-9d4d-776db0c2c704
issue-playback,330ec101-96b9-46f4-986a-5eca87e1d5d3
issue-playback,332c1cd5-69a9-473f-b5d5-cf254ca53919
issue-playback,332d89b4-f540-4c99-bdcd-f30049273b58
issue-playback,33359b0f-9b76-4c72-b7a3-fe3e8a5327cd
issue-playback,3462d327-3249-461e-b007-1d0e09b3be00
issue-playback,34c1b927-508c-43ef-8540-913fa15378d2
issue-playback,3508ac83-8f39-4ee3-995e-3efe65ead722
issue-playback,3582a2b9-bc23-4e3b-b304-eca270ffb3bb
issue-playback,3592585d-4a7c-40ba-b94a-6dc77b789e49
issue-playback,36469882-fd58-4927-8c29-f04148e3a9d8
issue-playback,367e8018-da58-4e0f-8767-630aa4530bdd
issue-playback,36a617cf-9339-45bb-870b-48ea9734a823
issue-playback,38723aa3-210d-42b9-9115-e8659f51fbc6
issue-playback,3896312d-c6a1-41a2-89b6-f69ac8319bff
issue-playback,3a63f7c3-513c-42c5-94b9-b8ff12026e0e
issue-playback,3a6f800a-ccd4-466d-89bf-9323b58de7fc
issue-playback,3a7b9052-adde-44d8-8a43-0aa9ba9d4d6c
issue-playback,3abe5d3f-36b6-426a-86fc-64b779843197
issue-playback,3b198677-19ee-4a14-80d3-a7a95cd83a91
issue-playback,3bac08c7-b9cf-4809-828d-dfaacc04aaa3
issue-playback,3c424ad5-c8d9-4c31-b538-0b3da78ef217
issue-playback,3cbd12a2-a6f8-43f4-89c8-5e687510cd79
issue-playback,3cdbd0e4-40ea-4a22-81de-85dbacaaacc9
issue-playback,3d1567f6-a19e-4a88-b4f1-a96dbe4dce3e
issue-playback,3d291e84-bb7a-4286-94fe-09833cbfca1f
issue-playback,3ddd746f-2fa6-441e-a88e-8ecdff949635
issue-playback,3df77a78-ad9a-4456-8be8-8178ffd43d67
issue-playback,3e3b92ef-dc95-4ddd-97e4-5b992c60db26
issue-playback,3e4bdb0b-a906-4378-997a-8eb46458d6b6
issue-playback,3e8e46eb-7327-4fa7-80e9-ebe312b6117c
issue-playback,3e9ebd52-bb00-4efb-a79b-ef445ac97cad
issue-playback,3ec771f2-2312-4b17-b23e-289b432211cd
issue-playback,3f64feba-35e1-4cfc-8ee0-c82431367694
issue-playback,400aad04-72d6-40e0-a088-1bbb596f8917
issue-playback,4086db50-fefe-4d85-8d7c-497b17a985a7
issue-playback,40abba11-6cce-4eff-ae74-9ec4579550e0
issue-playback,40ebec29-ebf0-4fb6-bb9a-235c91518589
issue-playback,42920064-d1d3-440d-97b2-41bb0fbdb825
issue-playback,42da37cb-8bbf-4208-b9d1-5cde1a2c9dc4
issue-playback,438b777e-7c6e-4860-82cd-b2c78fa10600
issue-playback,4426ccca-483e-4cff-be73-7bb547df5257
issue-playback,449470e3-4311-4712-8630-d2a83b300c96
issue-playback,44b33350-d10b-417d-b1cd-4603c9a35633
issue-playback,4526d439-a6e4-4e0a-b0bc-ae0f9ce5bd96
issue-playback,455f67cb-da39-4869-b3d5-38519f2b9249
issue-playback,45e44173-3b6f-4778-ae10-8668c505d0aa
issue-playback,4604296b-aa50-4776-a7a2-f633d991423b
issue-playback,4611a1be-0206-4dcf-ae3a-285f5ba198d4
issue-playback,46796c2f-d452-43f8-a66b-ae813b228892
issue-playback,46b03935-05b9-4eb9-a433-96d774f99d01
issue-playback,46ff0c74-5e86-4e5b-b4cd-36201aab0f9e
issue-playback,4799d5ef-abf1-4a61-a5eb-9f60c86a565c
issue-playback,4892a086-4653-424e-a5f3-8e12ba2582b1
issue-playback,48f4f4e5-91fd-4511-9d8e-99e0b484cedf
issue-playback,492a7b2c-c6c9-4260-96ee-c8201c9dfefa
issue-playback,49aec3f3-b820-4d66-9294-4fd34880104a
issue-playback,49b7b0b9-9b18-4dee-ab8f-47f615dcc23d
issue-playback,49c61284-3061-4f00-a8e3-3d36da1509a1
issue-playback,49e5378c-8e57-4ecb-b49b-b35fd8460e4f
issue-playback,4a1fa7fb-37c0-4214-bcd0-39942c008c74
issue-playback,4a28a8db-4759-4c9a-af0a-30c5c433f0c0
issue-playback,4a806587-0dde-4fb4-b4f1-f5c7d197c927
issue-playback,4ab2089a-ffa8-49e7-a8a3-aeb583a96796
issue-playback,4b7c716b-f37c-4be3-8a89-3882f1563631
issue-playback,4bea244f-143d-45e4-810b-d996609f7791
issue-playback,4c34f240-76d4-451a-ac74-5bc6bd484825
issue-playback,4cb86d8e-9a86-4b83-a98e-9793549c698e
issue-playback,4cd11c69-21ff-408c-af0e-a501a19c941c
issue-playback,4ce89317-d2a2-4aca-bb37-5b2c5994a7ec
issue-playback,4cf3d951-5b0c-4612-9992-054a1b70b879
issue-playback,4cfb4405-3862-4a91-a04f-1cd4bc27a2f8
issue-playback,4cfc1765-21f5-4b6e-a239-5d8ce3f235c0
issue-playback,4da1a93a-6c55-4ab5-9b99-23d623bac1f0
issue-playback,4da5242a-7964-4677-babc-7b3059f61624
issue-playback,4ed6fcac-b453-4400-a02c-474148f85845
issue-playback,4efe4752-20fd-4539-a8c6-d10c4b4acd7d
issue-playback,4f0e0a73-72bc-43d5-8067-de6c4338665b
issue-playback,4f1533b8-8b63-40e0-9237-aa3176a89558
issue-playback,4f20aaff-c5cb-4300-8e46-cdefafb8ab91
issue-playback,4fe7e506-6025-4fd3-b925-c2ca43428bca
issue-playback,5018f9a9-535d-4f05-a19d-0b5be0598c3b
issue-playback,50242c88-24e5-419c-9208-a95b061f9e13
issue-playback,50508481-9751-4c5d-ae9d-050746ce8793
issue-playback,5078acbc-5c47-4111-9e4b-3970d6d87811
issue-playback,509915ba-cf86-4baa-9bea-a73af229ca48
issue-playback,51573c5e-96ba-4e82-a058-d0ec0a8c9e2c
issue-playback,51b9029e-3027-4177-b67c-a939d85e4062
issue-playback,52e50d81-b02b-4812-9b66-2f6164261b2d
issue-playback,531beb2a-7343-4154-b9c8-4e10b76fed90
issue-playback,537afa7a-ef65-4a18-a66a-dc75798f2f82
issue-playback,542c4ffa-0bd2-42d6-96e2-032e0d9a8b8a
issue-playback,543f5f12-ef4d-419d-a625-fc552e9293d1
issue-playback,55c8af62-77d4-41fc-90a4-c1bff4eb4aae
issue-playback,55cc3abf-c295-4591-8c3a-78085cfdefaa
issue-playback,569313eb-b432-416f-94b6-eca0a3d90d5f
issue-playback,578396ed-a9ee-4872-b21c-bda785820aa5
issue-playback,58cea54d-7f36-446f-b436-d461ab192407
issue-playback,5946b066-3301-4011-8095-417faec66627
issue-playback,597a0d80-1121-445b-a6bf-ae92752bfefd
issue-playback,5985b38a-dd16-4185-87ab-c738ed27b4df
issue-playback,59fb8b52-9c11-4fd1-913a-644b1f45b2a9
issue-playback,5a30a8f2-59d5-4723-b104-b601fa4941f7
issue-playback,5a59b04a-25a1-459c-930b-5a7312b8eb17
issue-playback,5af4a134-9f76-41ab-968f-de0ff1dd4c1e
issue-playback,5b54a24e-fad8-47de-b85f-f11cdbdd7f42
issue-playback,5b55846e-2f70-49c4-9d96-6188e977aac3
issue-playback,5bc6e690-c1cb-4a8f-9a97-86cdc0ace7f2
issue-playback,5c83c495-1a5c-4c55-ad14-35d5ee60bddd
issue-playback,5d08fe90-65e2-4272-aef2-e6c919738195
issue-playback,5d21706b-50cc-4fed-ab90-5fca978e2830
issue-playback,5d2b9bc2-cd2e-440b-baed-79078688a911
issue-playback,5d50e8f0-18d7-4510-8b1d-eb6b2323f3c9
issue-playback,5dd0b466-2c62-49b9-acf6-82ccd806ca6d
issue-playback,5e9f1008-e130-4221-917c-c66db5e824a3
issue-playback,5f444f9e-38e0-4a09-b90e-d359a7c3a344
issue-playback,5f501da2-4732-4daa-8712-367e48cbeb5c
issue-playback,60039f8e-e3a9-4c3b-b61e-e97a300ce8eb
issue-playback,600f4a6a-48ee-4788-b176-f51f7c337506
issue-playback,603eb78d-bbe2-4364-b3b5-435d9d075fea
issue-playback,60ba18d8-d0ab-4486-a443-e6d89bf53689
issue-playback,60bd0602-aecc-4086-9d29-890a28b58d25
issue-playback,612777d7-ee92-4849-bc5c-47b449196da3
issue-playback,61784822-931e-4e9d-8bc5-309ae660576b
issue-playback,618467f7-4cab-45a3-910a-725a3683e7c6
issue-playback,61bb8435-0703-47c0-8b53-a8d877ef678e
issue-playback,61f70ee8-8156-4c7c-a9fc-e75d9ff0ecec
issue-playback,62128418-1499-4139-880a-bcf0b35981e1
issue-playback,628ffdd2-7107-4617-84f6-63140c6ee91c
issue-playback,6293e177-4339-4c24-a09b-6ab363e607f3
issue-playback,62e3e595-9ae3-499d-ba74-e43b4fb81e8e
issue-playback,63c4c020-7527-4e58-9229-d48525523255
issue-playback,63d86045-5236-42b6-8fec-36d1584cd83b
issue-playback,645e52d9-3998-43de-b7e0-19e410e3feb6
issue-playback,647975bc-5143-4c8f-a38e-48b4acfe2916
issue-playback,651e6e7b-f93e-4369-9631-15c73ddcd4ad
issue-playback,65f4d3ec-1d14-4efa-bd50-e47e495023c4
issue-playback,66281b0c-9e17-4e58-9748-bb7d518d776d
issue-playback,66691747-76ac-4c71-b0c6-3d5d752bf30b
issue-playback,6674074b-b3e5-42a7-a649-39bef4f79e74
issue-playback,66a29b3c-c14d-440e-b722-b23e0c99ae82
issue-playback,66b7c16d-2a17-4128-9977-07452c7c4d84
issue-playback,66cf3c40-a1d2-4fa1-b06d-7a902accba75
issue-playback,66d95ee3-28b4-48ba-9ea4-ca2b340ee5e3
issue-playback,671eeac3-e5ed-4bac-a992-172ea85904ce
issue-playback,672a8f4e-5434-4d5c-9b24-03fe0d7c4b40
issue-playback,67f606f2-0b28-415e-a0d7-c7c3528dc250
issue-playback,67fdb49c-6833-4cfb-93e8-285ed7dcddcb
issue-playback,68657bca-b647-4308-afc1-23b5e9a31b63
issue-playback,687fa31a-bf58-4e81-bf71-4174448bb2e8
issue-playback,688ed267-05b4-4ec6-8fb6-0fad0b326733
issue-playback,697eebb9-e157-40be-bf28-b3a2f4aef1db
issue-playback,69a49feb-f7cd-4f8f-ae25-d815ace05d13
issue-playback,69ab9b6e-e1f5-4db5-88b2-7ee9ffd5d22f
issue-playback,69d125b2-52ff-4d9c-a4c5-b71fab01e61b
issue-playback,6aeb535f-a034-4ed0-8ac6-0d44bd6d500a
issue-playback,6b6da50d-a7d5-433e-88a5-c4126131866c
issue-playback,6b83b768-650c-43c1-ba47-05f14419b7d2
issue-playback,6c257eba-3dca-49f6-b7f0-4c4484d81e26
issue-playback,6ce7255a-5ad7-4dab-9884-f3f5f5fe45be
issue-playback,6d9acdac-5609-4bb6-a934-ffdd68fbf5ae
issue-playback,6dcd55f6-5b11-4695-b59e-c860b45c19a8
issue-playback,6f05fbba-981d-41ab-a1ca-6f7fce21153f
issue-playback,6f06eaeb-e1c0-4a13-9a17-f4fdd484b65b
issue-playback,6ff20c19-fe45-41af-b658-6141dc220fba
issue-playback,70a1c30c-f625-4d57-a1ad-9bf5f049e1d9
issue-playback,70e995ae-eacf-49eb-a7ef-e5447fdf8673
issue-playback,710836a7-ba78-4902-8abc-5497fcb93af5
issue-playback,711a3e91-f3af-4658-b2c8-bbf628318cea
issue-playback,71315e99-125e-491a-9fc9-87513df7c4ab
issue-playback,715615d2-a22b-4151-a6b4-72091bb95938
issue-playback,71c32c75-83cd-467f-b68e-086cb76ec5db
issue-playback,71dbef0f-fc28-48be-a71c-c542153afa4e
issue-playback,729e90cf-260c-4b67-880a-75cb08b31df4
issue-playback,73634dc0-e114-42a1-889a-eb4abdc530ff
issue-playback,73724807-3061-4a00-86fe-64065dbd8d74
issue-playback,737405a9-40c5-4b9f-a97c-d470fb63e6d5
issue-playback,7390e48c-60f9-4076-aa9e-cdb49c4d446e
issue-playback,73a3ffba-3643-4106-acd6-f273fb71319e
issue-playback,73b034cb-375d-4675-b6bf-78b8e220f7af
issue-playback,73f863db-a23e-4ebb-9195-9b4fd5967bf2
issue-playback,75224f4c-91b5-4463-b2de-ac88ca55db67
issue-playback,75d1a178-40d6-4265-acd6-65fc6c1bdd3a
issue-playback,77addbc6-5850-4a01-8f95-43e99db84634
issue-playback,780fe0fc-8d94-4fdb-9d62-fa3f2f29f4c2
issue-playback,7856217f-e060-4f55-a992-afcf0f02e4fc
issue-playback,78ad389a-3bff-4717-b006-507cb396aa18
issue-playback,7913fe22-645a-4f46-a3be-7bd1ed3c8953
issue-playback,79e45816-5f50-461a-8af5-35e07166c5f8
issue-playback,7a5cf978-f98d-48de-8862-12291934c0e7
issue-playback,7ad9611f-8b7c-4576-993d-f0fa0fe001e9
issue-playback,7b0c1f22-60de-4899-911c-127ea4b0e651
issue-playback,7b4f71d8-d91c-40bc-ae7e-b6124a25364a
issue-playback,7b639ca7-cf2b-4086-b3ec-699d210506aa
issue-playback,7b77e277-1898-4a88-88d0-197f52156ca8
issue-playback,7bac6937-25d0-45dd-a99d-ba446885c9ea
issue-playback,7bd4abd7-023f-4bdd-8fd2-fc6a404f9ea7
issue-playback,7c06e055-2ae9-4eb3-9b5d-07ca5efbbf73
issue-playback,7c268b97-4c6c-4ec7-8a4c-4626fd96a14b
issue-playback,7c2bdc98-b7f2-4753-bfc1-92e32d4cdaf7
issue-playback,7d1cee16-2ab4-4284-950d-50e16eb6e238
issue-playback,7d26a988-37c4-4f3c-a876-bade969577a5
issue-playback,7d5a18dd-7511-4a63-8324-a20b3e800682
issue-playback,7d5b14eb-9907-4a4b-b8e6-edcfe0b67971
issue-playback,7d9cd4ae-48c3-40b2-8b68-e3f55f5a43c9
issue-playback,7e1ba1f1-47ce-45bb-9fba-a0ae93178ce2
issue-playback,7e2b8eb8-d63d-40ca-ae5e-7dbe6a701a14
issue-playback,7e88ded5-6bbd-4e25-8517-a4e47b9bacc5
issue-playback,7ecd8c56-43d7-4421-b7f9-a7d64abce4d0
issue-playback,7f85a4e1-4e29-4cf7-99bf-024cf7132cc9
issue-playback,80c6417c-cb61-494d-a9cf-d01d3b64e392
issue-playback,80d2db16-e490-4173-9f69-c5a2be4930cf
issue-playback,815e7b58-f14d-4d59-8a58-3058322cd6fc
issue-playback,81d5d232-3b06-443d-b5f6-ce312c45a744
issue-playback,8200d1b0-6bef-459f-839e-a1fed8e665ed
issue-playback,823b8d6b-e2c8-4436-b22f-4fc140eb77fd
issue-playback,829d57e1-79b1-4804-80e7-48d218a33cff
issue-playback,82c28ce3-e8ef-405d-b532-3d41765d8e68
issue-playback,835f94ef-d34d-41a6-b973-cd83bcb08fd0
issue-playback,83a9ad42-6283-43ee-9b45-09a1c0a38129
issue-playback,83b0405d-879c-4056-8aa4-5a4568065d47
issue-playback,840dfd09-fc65-4aae-8a67-874cc8b5ceb1
issue-playback,8503f550-d5eb-44f8-8088-3c3cb6925729
issue-playback,85a5aa44-f32f-493c-9d09-9d95f3e25769
issue-playback,85c7a638-f2dc-4674-b634-d193de98e58b
issue-playback,865fb5f3-ea11-4e48-84fd-cca45b5a1d9d
issue-playback,86b9ae77-dd83-4d93-83bd-639a7a6b1403
issue-playback,87330010-6b55-4d58-9393-bcda3a1729c3
issue-playback,8733c4ca-2fa4-4d86-9822-cf0c856dd71f
issue-playback,87aaec68-bb73-4111-aaa4-0eea1a60e770
issue-playback,87efac73-58ee-402a-a294-01975dd84877
issue-playback,8809562f-2baf-45f0-88bc-00f75a356dad
issue-playback,88b65094-b177-494c-b3cd-411c9f10cbf0
issue-playback,897e9ce2-1a7f-42bf-998f-4f91386d290a
issue-playback,89be32ab-664a-4647-a5e3-e4006a67e4e1
issue-playback,89c648a2-54ee-49be-8022-dab5cbc7c6d4
issue-playback,8a29017b-f23a-4dc4-af6d-96633fa8ecf1
issue-playback,8a8cc57c-9d5b-4005-b640-491b457f5d6d
issue-playback,8a9fb98f-c707-4d1e-90e1-3f84a3e78740
issue-playback,8b53f1f2-bac2-426a-ba14-2a8b140fddaf
issue-playback,8b9d84a8-f650-4272-b332-4d60cb42377d
issue-playback,8c57f39c-082a-4945-a519-cc008a0d17e6
issue-playback,8c64b6d2-a0dd-4af6-94d2-6efd15dd50b1
issue-playback,8c7f9941-a051-4035-8390-26b8e4394c79
issue-playback,8cf70f3f-cbe6-4fd1-b97b-e160950e16be
issue-playback,8d6efa7d-d36c-44dd-ab20-0d4ec2c0767a
issue-playback,8e42c734-ce98-40ea-b105-688e9adebe59
issue-playback,8e916af9-26c7-4e9c-8adf-2c905e129680
issue-playback,8f02f2c1-ccf9-43aa-8245-73a63ff6a50d
issue-playback,8f628cd8-8216-449a-b9b6-482f5dbb9edf
issue-playback,8f901539-432e-44bd-b461-48b17794d155
issue-playback,8fb5427d-a06d-4f12-aaef-b5063048b978
issue-playback,906d987e-bd08-49d5-9207-39e96862b339
issue-playback,90db79eb-baf2-4064-b086-5772d5d3eb18
issue-playback,91132204-877d-4ac1-9d08-20d03f1414f6
issue-playback,919b26f8-fd9a-4c1b-a1ab-7164c6f53308
issue-playback,9224c52f-ae52-42b5-a9eb-f7cd203dc007
issue-playback,93420303-2434-47a4-8bd8-70593f4b5d8d
issue-playback,945884c2-60b2-4063-bf34-48fe6d26026a
issue-playback,94df1728-41e4-491a-92ec-0324e0565a6e
issue-playback,951b7378-b285-4721-89c6-735c72bcc4c7
issue-playback,95250eb7-0db2-403a-9da3-279369818c9a
issue-playback,95623eff-9131-4bdf-8df9-67710a2705bc
issue-playback,957fae20-a9fe-42a4-a8d5-43edf1999cc6
issue-playback,95cb96a0-6668-48d3-bd98-2908876ccd54
issue-playback,96e29a18-be30-4f94-91e9-455da7658ef8
issue-playback,96ecb0f5-61c6-4fd6-b0e5-ae02672b5afc
issue-playback,9716778d-e57b-4afe-9042-931a5ac5a7cf
issue-playback,97514a20-4d5c-4cb3-9c67-8871fd7e920e
issue-playback,97632279-b3e8-43f7-b880-e0bb6c32e4d9
issue-playback,9772a6f1-81c4-401f-823b-1d17d09184c5
issue-playback,97982fee-a65f-4fed-9dd5-9ffb31efbee0
issue-playback,9798961d-7ecf-4387-96f2-93f5a9a3a7ec
issue-playback,97ae544b-3a03-475a-bdcf-83d1a457e17c
issue-playback,97e1553b-3435-433d-b541-2e99710e932a
issue-playback,98067260-19f5-4e89-9103-a9b4a013d327
issue-playback,983c5dd7-75f7-43cf-9dee-eb0f5cda9a44
issue-playback,98d936e1-fd1d-475a-89ee-0e1517cb60d3
issue-playback,9980734e-de16-4cf6-8c71-fda269adf217
issue-playback,999e2dc3-afa8-464c-b105-4c583ca2ee04
issue-playback,99a5d433-375e-41da-b705-37aec9b6fd75
issue-playback,99bf70f9-8a9e-4d2b-a305-1cfabd73e985
issue-playback,99f547ef-30e3-410e-82bc-d9b56694ef31
issue-playback,9a0db436-d2f1-4634-80eb-f6c3fc8a0652
issue-playback,9a0f86dd-f3a3-455a-825e-cba00c2ccf54
issue-playback,9a236c19-d44d-47b6-918e-576ae9179ce9
issue-playback,9a58b80e-0249-4395-b251-04af13f15fd0
issue-playback,9a70c0f8-b8fa-43b5-8dbf-6fe42e20cb39
issue-playback,9a85dcfd-bfea-4b3a-9385-0f21674bc227
issue-playback,9c1607cc-6e4c-44a0-99ca-5a956bf8d382
issue-playback,9c3429b1-69c6-4faa-8e8c-4f10ab41e0aa
issue-playback,9c3b36ee-5b2f-4757-8462-e2fa996e0c2b
issue-playback,9c43f0aa-d5a0-4b7b-b418-0b2d812184e9
issue-playback,9c5a9bc1-6f7e-49bc-b00e-10bb782c1199
issue-playback,9c8a3def-edc4-4a22-a33d-025606b09c16
issue-playback,9c9757da-6b99-4c95-a0e7-0661ee858027
issue-playback,9ccc02a4-1cc3-4f79-a2bf-f3193f16c0d1
issue-playback,9ce5f16c-aef0-48eb-ace1-91905796bc3d
issue-playback,9d46cab7-a2eb-4d12-b07a-020d4d76ee13
issue-playback,9dd4e856-cae6-4234-bc53-41a0097c41f0
issue-playback,9dff372f-10df-446a-94d9-3501fcaa5080
issue-playback,9e3cdcc3-81fe-4147-98ea-7ee3fbb7f754
issue-playback,9e48657b-d3b9-454e-b954-bb693c40a8c9
issue-playback,9f023928-03bb-4c89-8d85-0e6270870ece
issue-playback,9f8a2db0-f5e0-4d71-90fc-c94111d1d215
issue-playback,a04bf867-ec55-4322-9748-a1822f2ea941
issue-playback,a0cbc9d6-51bb-46f0-9ba9-ad4f4593c266
issue-playback,a1534fbe-209c-4e87-b64e-688c4a1040ed
issue-playback,a27a55ea-4ad5-4d01-b9b9-c21d4b5e50f1
issue-playback,a2b565af-af4c-4168-beaf-7f767bcd961f
issue-playback,a4c9ab3b-738a-44c8-a08e-30cbf8ffddf4
issue-playback,a58d4149-46fd-4f9d-9864-25254119557f
issue-playback,a6052686-b8b3-4bd4-bc3e-0c09616a2d11
issue-playback,a62c808d-e338-43c8-907f-67a199ec986b
issue-playback,a648d7d7-06b3-441b-89f2-fc6afecc3b07
issue-playback,a66cc931-d7eb-4cad-9c34-c60cd16e0684
issue-playback,a6b93f2a-f667-4d7c-a04f-d452cdedf399
issue-playback,a6caed90-b08e-4b05-a8f7-9d747e5acfe3
issue-playback,a7344840-1a7b-4948-b823-b882342e858e
issue-playback,a7b7539a-c8d3-4f4e-9edd-d46cd1b1fd12
issue-playback,a7e98732-6fe0-403b-a488-75d598792159
issue-playback,a80d3952-03e2-4db8-b6db-a2b17a345cb3
issue-playback,a81c644d-2d67-423d-a10d-bbefbcc15e1e
issue-playback,a82c6fad-3311-41d6-93d2-0bfcabfa5767
issue-playback,a84f34dc-b581-44a1-9130-e094c7c7ab8f
issue-playback,a862b037-7542-4a3e-94ef-836b7092f4ef
issue-playback,a89fcace-c4a8-4f21-a612-1e66f8dc87cb
issue-playback,a9e5050a-d6b8-419f-8cfe-ab92674ff277
issue-playback,aaeefd61-d1fc-4578-badb-183f6a39480a
issue-playback,ab053dd1-d539-49a2-bf82-e034688790b1
issue-playback,ab57f5c1-fc0a-4e68-8de5-58f4f5487a33
issue-playback,abefdaf2-3f1a-4b75-b783-ae9e1b318cef
issue-playback,ac415d37-c92e-4ed9-b717-5be1828b7d50
issue-playback,ac4add65-a5ee-454b-8501-750c227497c6
issue-playback,ae0b0bcb-ddaf-4f5c-99ae-9f1e0f679c89
issue-playback,ae1347b2-d0ce-48d9-9f38-144cde8db30e
issue-playback,af1108e7-2c3a-46b9-8ead-0e03f3c6a362
issue-playback,af3551d1-606a-4884-8170-4edf8d426487
issue-playback,b0449a44-0df3-4ee6-ad19-8cf06c6eb095
issue-playback,b0ac92a9-bd74-4717-8615-2e83201a02c5
issue-playback,b0b81704-45ad-43f6-9e69-617ff33d5d7b
issue-playback,b196539c-82d7-4b0c-8ce4-094cff5c7891
issue-playback,b1bd3f73-f7f8-45d8-8f44-fea26ff6e3a4
issue-playback,b2771725-bf7a-4520-bd07-592173001cb2
issue-playback,b2db35a9-c73f-4508-9fd8-3ab4fc5582ed
issue-playback,b320b67b-ce70-4ed1-a19e-831987fa6194
issue-playback,b3307f20-a589-4554-94b7-dbd4f9c37017
issue-playback,b3614213-69c4-4f66-be15-3a0283852a4b
issue-playback,b3de2ce2-6e34-4dbd-a4d8-959086154bc3
issue-playback,b406cddb-f0fd-44f6-a26c-66c8e2dda360
issue-playback,b40f06ca-77eb-461e-a6df-dc9561747913
issue-playback,b4ea6de4-3958-4e39-9eb8-17c3f938bfd3
issue-playback,b5048729-d172-476c-a415-bbc9b5b0bc3a
issue-playback,b50edb71-4605-4971-b4db-dba823ef0d1a
issue-playback,b525f3ae-cc19-4afc-9638-f54792c3e8a2
issue-playback,b5cd9678-e1f1-4dde-a5d7-23732dba25e4
issue-playback,b5e804ef-9d8b-4470-85a4-e210eced2447
issue-playback,b60d3235-50be-4ca1-8d65-fe5236a20be6
issue-playback,b66b9d98-5911-4038-9656-4846557cc352
issue-playback,b7b85e48-e735-44fb-a524-7dcdb3645638
issue-playback,b833a768-e9c8-4e0a-a7a0-d73ec7420d7d
issue-playback,b895eb46-ecf2-4ff7-a1c9-efd308a292eb
issue-playback,b8b31529-9476-4a5f-8c66-cea9626f9a21
issue-playback,b8d1024d-8aef-46e0-815f-8b034f552a6d
issue-playback,b905c9ec-c822-4e00-a07e-ceac3ef791dc
issue-playback,b96b79c7-feed-4d01-8e07-9fab649c307d
issue-playback,b9d2931c-91c3-4d22-ad64-89cab6c81ad9
issue-playback,b9e5a33f-fc20-4846-bb35-cca8ff2228ba
issue-playback,ba6409c7-6675-4c01-8fa7-96682336265a
issue-playback,baa6377e-a3a1-478f-af3f-d3334c81ea4c
issue-playback,baf16b0b-fd2a-4a01-9c0e-16eb1926cb8c
issue-playback,bb1a2c3c-0897-4493-9745-9e538a3a1fa9
issue-playback,bbb661f2-851b-46c0-9a00-bdddd01dfcec
issue-playback,bc16ea78-88c6-41de-bf61-a9e94797bd0d
issue-playback,bc6444b2-926b-47a4-bd01-28b978746760
issue-playback,bcad6a7e-7c8b-4285-8f52-3b5b69729a78
issue-playback,bcdf315e-c82d-41f0-9fcd-ba5933dfe77e
issue-playback,bd003e26-6296-4605-9695-293e7a795222
issue-playback,bd336803-8824-4c93-b448-a63cca2a3385
issue-playback,bdca809b-b507-48ac-806d-e17c480900a5
issue-playback,becd24a0-470c-44f7-b210-c8ed10fc281c
issue-playback,bee6b710-fd31-4292-998a-c23e15bbd88e
issue-playback,bf49fdea-abb6-4d93-bd14-8fb4e60e107c
issue-playback,bf62b3ad-de86-4504-b945-a2c331beb9bf
issue-playback,c06451e1-6140-451f-816b-ba040546c62b
issue-playback,c07de738-cb30-4c4c-85e4-b78117d85e55
issue-playback,c0a4fcea-5223-40d5-8119-76a94e596175
issue-playback,c122e457-de48-4f97-9b93-7a4d2e991415
issue-playback,c31d996e-26f7-43bc-812f-4389416cbd9e
issue-playback,c35b785a-ebee-4841-8584-5f6436a137fb
issue-playback,c48bc8aa-be23-4f41-a9d6-efdac22ac0e8
issue-playback,c5382aef-58f5-4253-8abd-493a1cca7b9c
issue-playback,c5f71daa-e808-4c3d-9f55-c088110123f0
issue-playback,c74bae63-198b-424f-b58a-62127add492d
issue-playback,c7d150a0-42c0-4b07-9494-ead24ff4e361
issue-playback,c7df9cb8-7bec-4036-a6a1-1353d2d705d8
issue-playback,c8c7f5ce-bfb0-4fb2-9193-c103c2ab9e35
issue-playback,c93316d8-8aa0-4c05-ac9d-7fceb731d612
issue-playback,c9bc7596-9dd7-4e94-8398-b5113b599db7
issue-playback,ca816db0-393c-4a11-9a6f-09726bfd854e
issue-playback,cb96147f-afea-4391-ad9b-fb49d10b46a5
issue-playback,cbb9e516-e57a-4ff6-be68-36f819e85d89
issue-playback,cbc20eb8-441a-44a2-9481-f84baa8755ab
issue-playback,cc2c7156-7595-405c-bd58-f983ebad3322
issue-playback,cc34569e-3d4c-4f83-8c3a-a72d7abf77c7
issue-playback,ce08ed7e-edf6-4b20-b78a-b7c7f8c66f30
issue-playback,cedb4b2b-f33c-43f6-8917-2736b9081a4c
issue-playback,cf9510a8-c722-4812-be26-5454559676c4
issue-playback,cfc31f0f-f21c-44dc-a638-592f9e9894da
issue-playback,cffc6dfd-c0a9-46d1-8276-762978f36c06
issue-playback,d0ab1b6d-8790-4b6f-a3a5-7d4a8955c8bf
issue-playback,d10506aa-247a-439b-9317-9d614a91c706
issue-playback,d176fff9-7265-46c5-b8b0-a8a8fe26bda9
issue-playback,d26566f7-a898-4298-a06a-50bd3f7319c1
issue-playback,d29b3cbf-4d0b-4f79-9a51-036bd019cdd9
issue-playback,d2a07de4-c74c-4312-bc42-85f1073d5da6
issue-playback,d396a285-2844-485a-9c9b-cc22a0de1610
issue-playback,d397d36f-de18-4084-9254-cebc18c7ed50
issue-playback,d3b74f36-aa48-42af-ae4a-d4a8b0499a60
issue-playback,d3ff3fb4-d0c8-462d-a473-5a83132665a0
issue-playback,d4402419-c155-4f2b-8e23-396fcaa7f5a1
issue-playback,d4503a81-4593-4108-a1ae-71c068e52941
issue-playback,d458800c-b837-4a0e-a219-71d7a445e2c1
issue-playback,d46f693d-5ca4-45bc-86bd-35b73062a73a
issue-playback,d4da1bfa-97bc-4a85-a38c-cbf4478085a6
issue-playback,d546afb4-cf15-452b-9311-98a922e3b23a
issue-playback,d5d18196-7a49-4d7e-8ded-9cdf0c074514
issue-playback,d6134694-7546-42b0-8f4a-c0c3c2164aa0
issue-playback,d6937e1c-b5e7-493f-ac72-720e152eabad
issue-playback,d6dfce30-61f1-4b60-9a3e-e81b62ef41b2
issue-playback,d767f1af-e8eb-41af-9cc4-8bfa35253870
issue-playback,d82ed282-7b5e-4f97-b099-445d4834b4eb
issue-playback,d9d6ae66-9f13-4aaf-85ee-c4cfb33c4ffd
issue-playback,dacc44fe-0f81-459e-99dd-3c3b41c426b7
issue-playback,dafe137f-986a-4dbe-8a9f-f32e5c283d2b
issue-playback,db44724b-5b0d-4e22-b48d-3bbff9a6fd1b
issue-playback,db6fd438-c553-4d17-b8b4-a06f1c784899
issue-playback,db9a929c-eec4-4bd3-931a-0cbb5879d88e
issue-playback,dbabd1dc-dbd8-4a28-99f9-5d06a22dec02
issue-playback,dbedafae-36c8-48eb-adf9-b16f4ff2d38a
issue-playback,dc54a7ff-2e40-47bb-be8c-255f5a69a49e
issue-playback,dcee0d17-1a49-42f2-8d24-49bfc604a50b
issue-playback,dd018112-0266-4aef-a3c4-c1f343432e35
issue-playback,dd2a7266-c316-492d-ad71-767e1fb22a44
issue-playback,ddc59ab5-f1d3-44ae-ae65-7847b70bacbb
issue-playback,deadb6d4-37e5-4e96-b622-30fe041c3873
issue-playback,df14fc02-1b82-496f-9da4-887ab20e69cb
issue-playback,df5bbbd4-b805-46f7-ae2d-f43c079d16d6
issue-playback,df8b636f-0fab-4835-9fac-a5ae6cfd5c2d
issue-playback,dfc00213-9470-41a9-a22c-14477b372a30
issue-playback,dfef83ea-794e-4400-94df-ee26919e5719
issue-playback,e05cf03b-2236-46da-adb7-1f767fb4e59d
issue-playback,e07b106c-f454-46aa-a592-0b92d644bac0
issue-playback,e0dbde6f-a395-4dde-a014-52f7d2c1dabf
issue-playback,e155847c-f6ad-4385-a524-a6e9a4631325
issue-playback,e162514a-55e5-416c-b96d-27dd0c889268
issue-playback,e1fe3794-beda-4039-bfe4-c7b61bb8e95b
issue-playback,e2935e02-d6bd-4c44-91a4-c1b55fb3e7b4
issue-playback,e2ab6ff8-0fc6-43ed-9481-cc82474effcc
issue-playback,e398ee3a-f2dc-4dff-b123-bbe5ae7311bb
issue-playback,e4c5f61c-fee4-4662-8b09-c4d65518b921
issue-playback,e527123b-b8e3-47b1-832d-8dd086b88ba3
issue-playback,e5579b0b-f662-479b-9103-e13d263b9459
issue-playback,e5e95e2c-6057-4146-8367-eead940dea2a
issue-playback,e61df3b2-2f56-4f9b-aece-fab1da1d6545
issue-playback,e6826207-e6e6-46ec-bb39-e6cf66070c04
issue-playback,e7382d3b-9d14-41d2-a0f6-e7fd568d227c
issue-playback,e87e8431-847a-4a5e-b54f-9f83d5545e24
issue-playback,e9ded7ff-eca0-499b-a45e-dc54c5dba91d
issue-playback,eb0cabc4-bd0a-436c-b123-34774a98bd32
issue-playback,eb1cef19-50b6-4f9d-b57d-0de0346b7d51
issue-playback,eb80076c-d5fc-4e1d-a67c-43fe76b455a4
issue-playback,ebaed12d-a236-41bb-8f6e-1353f575a8e3
issue-playback,ec43fe29-d4fd-4659-9ded-205e351234af
issue-playback,ed55e0a7-abdc-4e3c-8a39-cb3026e77692
issue-playback,ed623653-b684-417a-9e21-282646125880
issue-playback,ed87f9dc-7043-4903-b66b-436f5c454952
issue-playback,ed882b10-eda0-4b11-88c1-dc0b823e3086
issue-playback,ee0b9876-dee1-430d-8667-168261ecf613
issue-playback,ee10177b-a6ad-4512-8c1f-330ad835c890
issue-playback,ee7d6350-07a8-4c3a-b2cf-fade93fdf2c9
issue-playback,eeef49cf-10f0-4e6b-b34c-4b9c24647070
issue-playback,ef46d830-977b-46f0-8061-8eb647ce90b1
issue-playback,f1070b3a-e6cb-4473-b971-83bab32afd11
issue-playback,f11035b1-51b7-4bca-be50-7c17deb6ff53
issue-playback,f1111d2d-9f25-427d-a11e-42652555ae85
issue-playback,f146eced-9c6e-4dc1-97cf-cacbef84ce70
issue-playback,f16bad3e-1bb7-491c-9891-5eeafd1b4d86
issue-playback,f1abd13b-2391-4b04-8109-efa7f3cfed0b
issue-playback,f1be6b02-4e16-4170-a06e-1d9e84da2012
issue-playback,f24cd91b-59c0-4f9c-89e9-e8180c339344
issue-playback,f2633445-4f52-400f-b4bb-6cb9435cba87
issue-playback,f28db4be-ddc3-4b67-b310-a9948eb21e87
issue-playback,f2ec3bcb-1bf9-4ae7-a96e-bdedbe882100
issue-playback,f3009299-cd3c-4a60-8459-22415dd7594c
issue-playback,f3069a3a-6009-4b11-b45a-098460aba4b8
issue-playback,f4588016-2a2a-4e8f-b80e-8db997f3864a
issue-playback,f477cf0b-a243-4ed4-a262-da43130a19ff
issue-playback,f491a085-1223-44a8-97f0-354c06d2ba5d
issue-playback,f4e4f870-0ef2-4a78-b351-f6a305216850
issue-playback,f572266c-25c9-4dc9-9780-4efe596a13a0
issue-playback,f6092df1-ddef-41c1-99d5-bf29f822a27c
issue-playback,f63bae9c-5993-4105-8c52-7573f68b3418
issue-playback,f6e4dd98-e5d1-4506-afd3-e3fb3eb37727
issue-playback,f7627b88-43d1-4f45-bb51-486f93251c06
issue-playback,f79562fc-6afb-4683-9bac-7cb53cd9be4b
issue-playback,f7f8a9f6-2eb3-41f9-9dd9-a2d3fe44f89e
issue-playback,f87fb3d9-501a-4119-bc40-b0669270ae44
issue-playback,f897bac1-66b3-4e26-a279-7aab4fd5311c
issue-playback,f8e5fd0b-5613-4446-a2e7-753ae0fe6e00
issue-playback,f9203d5d-a629-46b0-b066-804892244365
issue-playback,f9ab9e7a-c760-4dd8-88f3-ef9df0eb7ae6
issue-playback,f9dd2c8b-87f1-4ff5-9739-a44f02b45184
issue-playback,f9f2b916-72f9-4c46-a1cc-8a8b980798f2
issue-playback,fa72fdea-d3d6-40e6-a090-b0cdc93054d5
issue-playback,fac34e2c-b353-4a86-bf4e-e9a34708a95e
issue-playback,fafbd439-2426-4bf5-b79a-cd00a32b1f43
issue-playback,fb230ede-c00e-4651-b62a-144c41ec80ea
issue-playback,fc456f03-b0d6-43b9-8090-104ae99991eb
issue-playback,fc917314-c5dd-4695-b2c4-444df20a80d1
issue-playback,fd264831-f81b-4cb4-a074-8fc846f696bd
issue-playback,fd58754b-6bbd-4084-9d27-8b2ef4e02ecd
issue-playback,fd7f46d0-93cd-4bc2-8cce-b88e6d153d66
issue-playback,fd8390c1-5649-4d7b-aa37-0887595bfdd6
issue-playback,fdd14d46-b9d5-4b51-b355-fb766ec54d05
issue-playback,fde2a53f-a4d6-4de1-be67-6696d7381ba3
issue-playback,fe53e9f0-39a3-4c51-b9ed-d185a6afe2bd
issue-playback,ff45e76b-a878-41b2-a4b5-6ded625eceb8
issue-playback,ffaecee3-69c4-4311-aa94-3105adec0bcd
issue-playback,ffd0de5c-3023-4865-a1ad-feb11588655f
issue-support,33526c6f-7a49-4b3d-bd20-d1bc191c494c
issue-support,946070c1-d690-4251-a550-07b0af85859c
issue-support,9e6ceb1f-6757-4883-a912-a4607e6e180f
issue-support,9e8c9ffd-9522-4cd0-9289-9d23cf9115c3
issue-support,be3d80bd-cfa5-4e59-85c7-60a3c7467f7b
issue-support,c4a8d123-9254-4a2f-a0b5-e62d429b8436
issue-support,cfe3f469-fc07-4add-a9d0-e6fac82aaca8
issue-support,d7f0416d-849f-43d3-88b0-e821a1802383
issue-support,db9a3c3f-da8b-467f-9059-8f3557060a54
issue-support,ed67b7e0-fadd-4128-98b6-b74add022a49
issue-usability,0070e713-4cb7-4d78-954f-1764d5593c91
issue-usability,009bede3-8a34-438f-b481-0efab1791658
issue-usability,01ba1116-e45e-4c59-b71c-0cc61f22a81d
issue-usability,01d5fb18-f1be-4468-8cda-3ed0448265b8
issue-usability,01d92e96-3a50-48ad-82c4-76977d55971c
issue-usability,0242e2de-e96b-4983-9afc-094ebdec12b9
issue-usability,02ae3ba9-1a1f-4f72-9cae-f6327634c9da
issue-usability,02b4b7ab-10ec-47ca-8e20-2508da5c10b3
issue-usability,02b81f7a-e972-4d63-b622-bfa7e0fd70cc
issue-usability,02eb6164-bab0-4d31-9a26-0a630a692234
issue-usability,031cc9c5-33ba-46b2-af70-e6d6c2a2bc48
issue-usability,035213ba-b1b9-411c-b028-70296e5f0e73
issue-usability,03d84d68-4c59-4cfb-85ec-3b32fa7386e6
issue-usability,03e9f967-b0c7-4535-bb2f-cb8dc0827797
issue-usability,040c342c-93a0-40a5-bba2-0eddeb7b0e7f
issue-usability,04573fd8-f0e3-4ca0-850a-f60e85e7dc9b
issue-usability,0492b881-485d-491e-8752-40a5a11786ca
issue-usability,04afd9e2-8f9c-4a02-8b46-e01b2d5e2c51
issue-usability,04f725b6-4449-4d79-8cd4-cddbe5a9e04c
issue-usability,056c340f-c7ad-42d8-a275-37e46f1f4f24
issue-usability,058e78af-8fc3-4756-9f5d-bb067133407a
issue-usability,05a5ab5b-4a41-4ac1-894a-ab951f5f3380
issue-usability,060cace3-7c6f-459d-bc55-918a577d4f5f
issue-usability,0610d985-714d-4c60-baf9-f5aff3405fcb
issue-usability,06190778-4da6-4ddb-99ec-43a81c5e4b09
issue-usability,0639e33f-fee3-43c6-8cd4-88850ab696e1
issue-usability,06c29b5c-0f1d-4f5f-8771-17afc368340c
issue-usability,06ca4315-a88a-4c82-8bb6-2f704f298db5
issue-usability,07018aa5-1e8f-4f0b-bafd-d5b7655a1da2
issue-usability,073965b7-b582-4fd1-ab52-e3cb41b2ab49
issue-usability,073e6344-34d9-4bca-9c33-f1911d43a9b1
issue-usability,07455293-fa71-4ce2-b9ed-8cc8df4390c2
issue-usability,0757c38b-599d-46b0-8fe9-b9fa96cb9de6
issue-usability,082b367e-eac0-4afb-893a-40e8b7e08412
issue-usability,083f0485-b28b-4513-a455-6f081ab627bb
issue-usability,084ad8d7-a9a3-4b9c-bbce-f1782cdbe843
issue-usability,0853c56b-0fa1-4d12-9cb9-6817d52233f5
issue-usability,0873aaf1-c305-45c5-b901-2004866ea096
issue-usability,08d3a5a9-1ec1-4b10-a5c8-393da33843e1
issue-usability,09135020-7fea-45ae-a2b8-0dc2460f424e
issue-usability,092999d4-d5ae-4a15-b50d-57345a4358ee
issue-usability,097455f0-46f1-44a4-94a4-c27537f1dc9d
issue-usability,098a883d-39cb-478c-9bdd-de5f24b5da13
issue-usability,09969f31-6ea1-4d6f-b80f-33ddfef709f4
issue-usability,09d0f776-b9e9-4c2c-ad6b-73341f2f1350
issue-usability,09e134f9-124f-474f-8e0c-324e6e953304
issue-usability,09ef28d8-35db-499a-abd4-329c0b8a3aa7
issue-usability,0a3522dc-1af1-4936-9f2a-1cd00586228d
issue-usability,0a55a92f-770b-4ba4-b628-be660982ae01
issue-usability,0a8e5fb6-9c49-4b38-95b0-e6e2624a1dcb
issue-usability,0a91200d-9eb4-4837-bb7b-eaff5aecab3c
issue-usability,0af056e2-4586-48bc-8ba4-0580b295ccce
issue-usability,0af0a611-026c-479c-a3b1-e1b5043606a8
issue-usability,0b2ad82e-2cc4-4664-bd4d-bfda9d46024f
issue-usability,0b39563c-53b3-4947-8f02-1331865b3d81
issue-usability,0b54bc56-5956-4aea-9b6c-051f3902370f
issue-usability,0b71dd3a-2058-463c-a400-b4176d70b601
issue-usability,0b7a1d03-3029-4847-b5f7-1eea65cd2b8f
issue-usability,0bc25ea1-60ff-429d-a745-81708ed41871
issue-usability,0bc922de-bb52-421c-904b-ac97b58ebb3e
issue-usability,0be0436f-7e11-471f-9b66-023e0f4627dd
issue-usability,0bf88d28-837a-460d-98ce-791f11e897d6
issue-usability,0c08caa4-3d18-4cbd-9d08-0d1227432afd
issue-usability,0c3da06b-842c-4868-86eb-3a6d5cb33738
issue-usability,0c45575f-4ab6-465e-94a0-15bc48014c55
issue-usability,0c911cd8-7f08-468c-aa30-810d26c08e18
issue-usability,0cba8d73-ade0-4027-9d08-91e27413b157
issue-usability,0d0577f6-be81-413b-863f-507bd7940f63
issue-usability,0d468068-117d-4dd2-ab4e-87af8852639e
issue-usability,0d913e86-c63d-434c-a6ef-1d70ed27cb93
issue-usability,0dbb0ca0-76a1-40f5-bc1b-e194021702c0
issue-usability,0ddf7409-188c-43f9-9019-aa18091fa5b3
issue-usability,0de2a384-9e88-4356-8c36-2a7dc228a63c
issue-usability,0df49fb8-99bc-41c4-a8bd-5cd3ee88970b
issue-usability,0e43cbb8-ff9e-4288-9b07-067f0b46481a
issue-usability,0e5f9b2d-ddc9-40da-a1d4-a410135b5f3e
issue-usability,0e71515c-ecf1-4b23-b783-00f58e51d96a
issue-usability,0e7cd525-e6d3-4b9e-a333-aef52e5e4fe5
issue-usability,0eb57e20-11c9-4c60-b6ea-9e26b8137e5d
issue-usability,0f5acf15-b606-4a41-851d-4ea2b927c5b9
issue-usability,0fde025e-b488-4a94-93d9-17dbc71f554c
issue-usability,102d6521-d31c-4bbb-9c2d-3d5e0ea348bf
issue-usability,10336f73-820a-44e6-9cc2-c1e5ebaacf90
issue-usability,1035abf5-e730-4426-a9e4-b68e05dfcd3b
issue-usability,10775595-01b9-4623-9163-51619e2a0fa9
issue-usability,10ab0276-d270-4574-9a88-8abef7e28e62
issue-usability,111e830c-19f7-4509-968f-6dafc18d9ff7
issue-usability,11699af7-2144-46fe-945a-d8a5ed25680a
issue-usability,117770a7-cec9-4bc3-8a9f-a5d6f3544b5d
issue-usability,11ad400f-4487-4dfa-a9da-c8d624f4f107
issue-usability,11dd32eb-48bf-4d16-b260-bf55662d84dd
issue-usability,11f860f3-01d4-4c7d-82dc-b9fdf14fa179
issue-usability,123d1f0d-8a1e-4b39-a20c-bf038eed4c8d
issue-usability,12717ec0-4da8-4800-8a93-7bbc95c5d2b5
issue-usability,128a038c-252a-4e3e-a7ba-a41049fbbd8e
issue-usability,128a2a6e-b28b-4c1f-90ee-bdb47eb75c0e
issue-usability,1294b6d6-2e7f-4f94-8c92-4eb60059a439
issue-usability,12a29df4-c0ce-4557-b173-6cbbfb832934
issue-usability,12d86b20-601a-45af-b24f-511edc0663ed
issue-usability,130f7c3e-fa6e-4a92-9563-07a3f9b58583
issue-usability,1324b977-6011-4723-9637-50f0df147414
issue-usability,13432376-bbbd-473c-ad08-424d954cfacd
issue-usability,135b4061-874b-44f5-b12e-32815b978732
issue-usability,13807ab1-7ed9-4140-bcb9-9ec579e7b0cc
issue-usability,13b6fc4b-bbb4-4ecf-9210-b3a037d17650
issue-usability,13e704c8-07b9-44ec-ab0d-c263862ef8c7
issue-usability,14638caf-d87c-4568-b1dc-405fc2a63acd
issue-usability,146e20d3-ab2e-44db-b904-1642e2efa93e
issue-usability,14e6daaf-a7fa-4f36-a0a4-37a7acd61ebf
issue-usability,14ec9972-a341-4535-9d64-8f288b0e1bf5
issue-usability,14f233be-3ea8-4cd7-84c7-26b8e768f648
issue-usability,153063a6-6c9d-41f9-ad3a-b8608d210761
issue-usability,1589f240-8269-4dd0-878c-cfc03907da79
issue-usability,15a9d710-afbd-4535-86fa-16019f6aa0d1
issue-usability,15c14ada-4929-48ef-966b-272e5566d2e5
issue-usability,15c1fb2a-c862-46a3-90d4-cd0c874313ac
issue-usability,16027018-8aff-47b2-9b49-94562409f955
issue-usability,161328c3-b91d-4c2b-a1fd-e6cdc161de34
issue-usability,164025d8-7ce3-4037-99ea-9847ffa310b5
issue-usability,164d3fa0-723f-4325-a12e-9fa85edde9de
issue-usability,16cbc022-d0ba-44d8-b178-33c2324df09a
issue-usability,16e229b6-24f0-4362-b922-a48e0e3aa9ad
issue-usability,1735c3b2-3ee8-43ec-9043-9760ca1c4911
issue-usability,1750fd45-f797-4b7d-b25d-74f037b6c387
issue-usability,176f0c71-f4ed-4b6d-82b5-fe19ee179e85
issue-usability,17cc5dc7-1c2b-43c7-aada-8af90af6ce84
issue-usability,17d2189a-ccf4-4272-875d-8acc8cfe1e85
issue-usability,18014027-f8b0-4488-b43b-549a486923ca
issue-usability,1808ac89-62c5-4b88-bb00-016b1d5e9303
issue-usability,18957a33-baf8-4b02-8b0f-cf01ea2eb62a
issue-usability,189dcef3-0bd1-48f3-ba69-bb2c97d6f25e
issue-usability,18e95b74-d536-4f9e-b81d-12419ba95c9f
issue-usability,196923b0-9b53-4676-ad82-71e5af650678
issue-usability,19a43f0d-2167-47a2-b1d0-00a62ac4e8e0
issue-usability,19e55d13-14c7-4272-9da1-79a0b59bf1d8
issue-usability,1a2adc8e-1a4a-4e5b-9a6a-563a9c0cab4e
issue-usability,1a832940-495c-4acb-a854-19e34638760c
issue-usability,1a9e758c-9098-404c-a8a6-c7ae9536a874
issue-usability,1aa499c4-1145-403f-9c90-aa086b92e1ec
issue-usability,1b4e7551-a5a8-4f02-818d-f4d9dda60b0c
issue-usability,1c405362-9cb4-4d04-ab09-67fb154aa707
issue-usability,1c4998e3-3a37-47bd-be38-2e75c0e73579
issue-usability,1cb86bb1-776a-4ec6-9844-6f706a734847
issue-usability,1cbc3ede-fd85-4bfc-b64e-e990f1400887
issue-usability,1ccd69c3-47c8-422a-95df-fe8062cb9cad
issue-usability,1d0e2878-eb3d-4c5f-a773-87319f71f42b
issue-usability,1d1c8259-65b3-4880-bbb3-12be21d9b495
issue-usability,1d5d31e3-268b-4d58-9884-bd7d5cc5fa38
issue-usability,1da9a081-e612-4330-a22a-3c0dc0f65a52
issue-usability,1dac4114-95bc-4029-9ab4-67ad2ed1be13
issue-usability,1dceb7ea-09da-44d4-9cc5-fbc4fa604d48
issue-usability,1e3a1d47-25db-43e5-ab0a-57bdd98f549a
issue-usability,1ec83cb5-06a4-4b4e-bdd1-6e9b2a81a44b
issue-usability,1f1e4e8e-06b3-4961-94cc-a7b51051a3b7
issue-usability,1f2330cf-6aa4-4fcc-9784-0c2c65868baf
issue-usability,1f52bb7a-dd12-445d-bcd4-bd12cbb686fc
issue-usability,1f544c6c-b62b-4289-bb48-2e4446974f09
issue-usability,1fb0adea-28cf-4013-8240-359f7347d6da
issue-usability,1fb7e1eb-eb0c-4823-9983-d174cab59521
issue-usability,202d7de6-2778-45e1-9db4-0d4daba4b026
issue-usability,20642204-41d2-419e-892a-eec423753c99
issue-usability,20de1c4b-2ea3-4334-b571-8393ecb3196d
issue-usability,2154f83e-47cd-4f61-9bb0-4c20da722cf4
issue-usability,22469d2c-6884-4edb-a086-92115b4d3b8c
issue-usability,22850251-1ec6-430e-b7d1-cbaa7404c559
issue-usability,228cb204-c657-4577-9d23-587eae1edaee
issue-usability,228cd03e-fe08-4b43-b656-47fee59c9971
issue-usability,229a2a27-2807-4445-8168-776bf908d30c
issue-usability,23371224-f2d5-4926-b74a-fd3ed7a16cb8
issue-usability,23491733-0286-4a1d-94d3-8d3a64d664a8
issue-usability,23685af6-de32-4187-91d8-9471fd69fc20
issue-usability,2372ffe6-bd71-44f4-834e-5241e3b1a2f8
issue-usability,237bdf87-cb41-4699-84af-9c68b6d42adc
issue-usability,23975b2b-ff1b-4530-b6a8-b01637d33502
issue-usability,23acbe38-1ff6-4faf-8f20-9e384e87b045
issue-usability,23e9321b-39c8-48b1-af18-351ba820207d
issue-usability,2405f015-4b5b-44bb-b1c8-d786c7a4e340
issue-usability,24422da5-4cc0-43a7-a5af-daa373f23a2d
issue-usability,244d0a06-298a-4a7f-8db3-dea80d1c78dc
issue-usability,2466e11e-1e3c-42b3-8756-e8fd51a19596
issue-usability,24b5e325-2618-4741-b57d-0c507d14e51e
issue-usability,24c4d1cf-35df-47c8-9db3-dd96e6fb6d87
issue-usability,24e521e0-3310-457e-ba45-f2373f0bfdc6
issue-usability,2508fab7-231f-42c7-a2d4-879811cabdcf
issue-usability,25144d38-9bd2-45ec-a4c9-2f34371f7b5e
issue-usability,2539b413-2596-47cc-b249-a1ca054ecfc9
issue-usability,255c6ce5-fde3-4112-800c-c7762f9cc410
issue-usability,256d208b-fca6-45ae-8352-be7707739d6c
issue-usability,2590181f-b121-4665-884d-0c99026f7c5a
issue-usability,25a1f4d5-b240-4fab-b039-f82ca9385182
issue-usability,25bbe898-e819-4fcb-942b-0fccd065a33f
issue-usability,25c063d1-92c9-41b0-9eb0-635acc06e18c
issue-usability,26187fa2-b9c9-49f9-ab88-b12e33f5313a
issue-usability,261cc108-7356-44b5-9b4b-8d6d15dde7b3
issue-usability,2625705d-6c8b-4a15-a0a5-1a8db156ed5b
issue-usability,264ac47b-7d21-4393-9bc2-b585bd407f91
issue-usability,268b2c44-3de9-4b6d-9800-0db3c03f0183
issue-usability,2693981a-bf27-4359-9f6a-62936db175c7
issue-usability,26a5fcc7-d52a-4b18-be0d-9b94429e3f68
issue-usability,26a76fd7-8f14-4498-b029-8318a7d84aa2
issue-usability,26c74111-a5d7-4afd-b035-ada3f8e0f7bc
issue-usability,26dd5af5-221b-4ce2-9cef-2f426aed30b7
issue-usability,271a06d6-f59b-45d2-a32b-0005d99fbb4d
issue-usability,271c38ae-fa06-46f9-8d10-1293eb866c64
issue-usability,27907435-abca-4b35-b545-6204d0622949
issue-usability,27d147fe-34fd-4d81-848a-1c93a9601ae4
issue-usability,2826b218-e3b1-458f-a2a0-af18583ef2ef
issue-usability,28319d30-ea93-4699-a88c-3ecbda725283
issue-usability,283da61a-5794-4d32-b9a2-906f407068af
issue-usability,28659b33-43a3-4375-90e4-3c0b4c73adf5
issue-usability,286c0015-24ef-4462-8666-7084e5610eea
issue-usability,2928d178-a338-496d-8f4c-5941a52329d8
issue-usability,29662ecf-ff70-4b1f-8758-de7e53340ee3
issue-usability,296cbe93-1ae8-4513-9f92-3ce9ac3ba99a
issue-usability,29af8e72-9adb-480d-9e83-fa9f500c6914
issue-usability,2a153815-a17a-46fd-81ef-5bdfb220ac21
issue-usability,2a3e5df7-1298-466e-bf87-1b07941e9d85
issue-usability,2a4c17ed-1ef9-4362-8807-07228e55637c
issue-usability,2a84a63a-c4a0-4972-b7e3-7f73e7e6cbdc
issue-usability,2a84b727-fcbd-40b2-91c6-7bfd066df445
issue-usability,2aa2ed9c-cdef-408f-8acc-c4feea36232a
issue-usability,2aae0ce4-ae4a-46ce-b2fe-0d901eb23c06
issue-usability,2abefeac-5580-45ac-99b4-84c079e73af2
issue-usability,2aca9654-5123-448d-bc15-a0d28947faeb
issue-usability,2aefef02-8367-4118-9aa0-21de0b2e2420
issue-usability,2b0dd1e0-c6e6-4259-8770-5ad46d648668
issue-usability,2b1d12ec-0d44-479f-9c97-8cf04dab52db
issue-usability,2b2a1df3-ca80-43b4-80d4-f83892143675
issue-usability,2b5d0025-ef8f-4e8f-8b07-e10f85a2e8d2
issue-usability,2b8534f4-0774-4b9b-89af-cc276d9714c3
issue-usability,2bb40b5e-3174-40f4-bf95-320efddf8f98
issue-usability,2bfaaae5-aab2-49ba-8294-34bd5ccb5743
issue-usability,2c31fa31-7550-42b8-90cf-f84044288326
issue-usability,2c33acbd-4776-4269-adb9-a3bc59845f9a
issue-usability,2c3f54ec-ab92-4649-8398-72311faca52c
issue-usability,2c47940f-3238-4f4a-8fed-be64ef795c03
issue-usability,2ca238f9-9f26-489b-b019-1676a53cb414
issue-usability,2cccbe55-411f-400c-8bfb-54d15440faa8
issue-usability,2cce67b0-ab5f-4479-9d3a-73b2455b72ce
issue-usability,2cde3a67-37bf-45e5-bace-a691d9386bde
issue-usability,2ce3e75e-f96a-41ca-8c6a-3c00432038bb
issue-usability,2d300326-ff3f-49cd-993d-cc0f1bb2469d
issue-usability,2d88550f-e917-4dfc-b0d0-94e0e69729b1
issue-usability,2da31af3-f30a-4045-90eb-46b7f2a98c9e
issue-usability,2da7455a-bbeb-413a-9e77-d42ee23299e3
issue-usability,2db7bfe9-6b7e-4fce-95b2-482dc44510af
issue-usability,2dd0985f-25bf-4db8-aa25-f4f904f27080
issue-usability,2e2480c1-7799-4a66-be67-a947a2d99680
issue-usability,2e2b057a-525f-4864-9ea2-4b875eb1d681
issue-usability,2ebeb22c-00ef-48a3-93bf-290d7b5ee74d
issue-usability,2ee3b629-c692-4a87-b8cd-bbaa8237b02b
issue-usability,2ef16d48-e0b5-498d-a8d8-8f8ee7553be7
issue-usability,2ef77798-e0ea-451f-84ac-0a2cd38b1f5d
issue-usability,2f52b6b7-d462-4f10-8ec1-a837fea3ab2b
issue-usability,2f8c5379-2bc3-4792-952e-067e47c710e8
issue-usability,2fd5129f-aea4-4808-961a-9cf851a69925
issue-usability,2fe4b92d-5b7e-4030-a99a-951721c3ddf2
issue-usability,30757bbf-d808-423e-8c65-23f5ef55c56b
issue-usability,30823725-1fbc-4e00-a0c0-f2d5502b2f15
issue-usability,30cf2683-158f-406a-a634-3b4498d71378
issue-usability,30e002be-ad0a-40ef-9a05-9d28eedbcde6
issue-usability,30e334f5-0771-40b3-b8fa-1a982aac6357
issue-usability,3106c4ee-8433-47ae-901a-55e63c0611c4
issue-usability,310c9889-b37a-403b-80f3-cf47160d4b2e
issue-usability,313846ca-7d1f-4e3a-abf9-30423b9558b3
issue-usability,31af5a04-c998-4529-9db5-776018970ebe
issue-usability,31ed8abb-a73c-40c2-90d4-acf1187f70ac
issue-usability,3237bde7-66cd-4aa9-bd60-6f0fcf58d79e
issue-usability,3252de76-f17f-47e2-9517-fe47f66a1fdb
issue-usability,32d0a12c-2b22-4fcf-a58e-b503fb935c31
issue-usability,32d0a502-75a8-4ac5-a525-298acfb653a2
issue-usability,33931ea4-44b4-41d0-8522-f4ecddcd003f
issue-usability,33fc9f0d-9cd8-4968-aaa0-e224e447c7ef
issue-usability,34019efe-fe4d-4d61-8382-89a29da607c2
issue-usability,34292a3d-b964-4c00-a127-272203c6270e
issue-usability,345da31c-5a73-4f95-ae96-e09cceffd3b0
issue-usability,34725e8e-71da-40e6-830e-155a19eed220
issue-usability,347622f4-f926-425d-bc1b-454af6e1ea24
issue-usability,3489f203-6761-4eb8-b454-c7ebcf63e606
issue-usability,34d675d8-c617-4560-829b-e6fbeea0cd48
issue-usability,34fbae61-6e6b-4568-ab7c-ce87ef20bb34
issue-usability,357546f5-b03d-4622-b63e-ccb5cdff1db1
issue-usability,35894569-f5ce-42f3-aa3e-bc5e58f00f4d
issue-usability,35961d97-3f89-4e09-ae7c-a9b488ff7fee
issue-usability,36791e47-f7fc-4589-aa27-282c999cbae3
issue-usability,369fa2da-3673-451a-a6b8-6b40c9cf5de7
issue-usability,36c30013-aeb5-4fc1-a7a8-649c1c36eaec
issue-usability,370b863c-fd4a-428f-bb3e-0c4173c13813
issue-usability,3747b174-6fe8-452a-9394-05d2e04e80f0
issue-usability,375982a3-6820-478c-86ec-50cd8741211e
issue-usability,37691799-5caa-4dfa-8a6d-13e608c5d104
issue-usability,37a7e614-da2b-4bdd-9cfd-79462795483d
issue-usability,37ee702c-936b-46a1-bc1d-f97c528e0314
issue-usability,37ef7586-0778-4a0a-8197-78c5142b785b
issue-usability,384e1c96-4283-4621-8ffc-1868bef74acb
issue-usability,386bfb0e-9482-42fd-a27c-8b841eccbb90
issue-usability,38d47152-9646-460a-9d41-4b79aab1e9f0
issue-usability,38f7068a-1d9f-49cd-8a8b-0d7b5a66bd6f
issue-usability,3902f92d-6582-4e9d-86f3-df343521410d
issue-usability,390ff431-46ef-4cad-9011-ddf73605d89b
issue-usability,392fe633-9df7-4f43-a807-f478c658695f
issue-usability,3940ad58-5c0f-4543-88e5-be835aa369c6
issue-usability,396d6639-37bc-41e1-a5db-773c26884f6e
issue-usability,39764e4d-eea8-4ff4-a42f-2bd61d1a107a
issue-usability,3999eabb-52a6-468c-90ef-5403a35090c6
issue-usability,39c8b8f7-50dc-486b-a591-6fbbffe96c7e
issue-usability,39fb9778-6ac5-425e-aeca-f496e71ac7b9
issue-usability,3a3b76bb-ca76-49c6-ab56-81edeb1b451b
issue-usability,3a610309-6f88-4bdc-af84-02a1e5f06ff4
issue-usability,3a690479-81e7-42ab-a5bc-a4c60d87ec81
issue-usability,3a88c96b-2760-4eb8-9271-6c55e2304392
issue-usability,3ae09add-b1c8-41b2-ac9a-31bde2936bf2
issue-usability,3b002c9f-0a4c-453c-9aee-1bbfca885c06
issue-usability,3b31acda-ae2a-4e6f-8886-20dc86431850
issue-usability,3b486802-a9ce-4b85-99f5-357173c9c5ed
issue-usability,3bf53dcc-c553-45d0-90c1-6d66ec01108e
issue-usability,3bfb65b0-81d0-4816-882a-a610e1e5532f
issue-usability,3bfefa06-133c-419b-a435-1fea919d6a44
issue-usability,3c2d67a6-eb83-45cf-a5f6-dbae405a3e51
issue-usability,3c9ea392-f5c8-43a3-9cc3-9fbc2c336171
issue-usability,3cae0c2e-ba62-4f5a-b8a5-281eff940291
issue-usability,3d23413c-258b-4c2e-ba0a-5331d1a0aa6e
issue-usability,3d54c507-bee5-4a6f-8cc3-ddba6054ad68
issue-usability,3d5e20be-0108-492e-8288-95878450f425
issue-usability,3dae0f02-27f2-4c76-85e9-80e1758f6ee6
issue-usability,3df00649-7a30-49ad-b5cf-1cad359240bd
issue-usability,3e205577-c319-44d9-bdf4-d7a49dec590f
issue-usability,3e54bd87-c502-44a0-8ba9-1a3fc63c6089
issue-usability,3e8bdc92-4934-457e-85cc-8b9d14bf51c0
issue-usability,3ea2c617-5867-4f2e-bfee-1430601630a4
issue-usability,3eb10bc4-1544-4cd2-9146-d2451fdb0aa0
issue-usability,3eb38f29-d914-4642-a752-7930637f89c0
issue-usability,3eb93f34-0611-4298-85a2-71abaedd5765
issue-usability,3f3e6d46-79bb-4ee1-ad73-6e92bbf3e5b8
issue-usability,3f7fbd21-2932-4f56-81de-1dc478eedac2
issue-usability,3fe0f42a-7bf2-4aed-b131-d842b48af8dd
issue-usability,40275447-a214-4829-9ccf-8d23e111d925
issue-usability,4040fe73-aefb-4771-ae7f-a8c677a788fe
issue-usability,40475536-80e5-455a-aa42-2fc3ab73c4ce
issue-usability,404beb9d-4884-4633-aa3f-3e8671f3b391
issue-usability,40d5bb2c-a309-4cda-b608-458d4c4c4eda
issue-usability,40ddeafd-a71d-4757-8103-a86b47ba18ea
issue-usability,410fc23d-ee6a-478d-9f32-654185f3adeb
issue-usability,41385644-8750-47ec-b1bd-415596c6ab86
issue-usability,4139a955-e916-4389-a1df-be43ca48f282
issue-usability,419da0ac-1a53-43fb-8f14-418d50a38282
issue-usability,41df079b-37df-4af7-9148-2da5f682b2e2
issue-usability,4218fa17-bb19-46bc-8af6-a5d25bb77df5
issue-usability,42238e6d-798e-4800-ab36-92764f3cf786
issue-usability,4229d50c-4741-43ad-a45d-9734d019ded9
issue-usability,4235b303-7579-4a7a-9351-ffed21003bc5
issue-usability,4299413b-59bb-4779-b7e2-b7718816b6ed
issue-usability,42be4b2b-1161-4aa6-a638-bc47b9654ce4
issue-usability,42c6e11e-c7d1-4b5f-8e6b-36254aed278a
issue-usability,42cf5b3d-fee4-417d-8355-557647f649a3
issue-usability,43ce46d9-7f26-4e02-8e46-bbcf08321849
issue-usability,43f6f40c-2588-440f-a642-1b060b44ea77
issue-usability,442ccb8f-4e89-4803-946e-5bb240825234
issue-usability,44e44069-c1ed-4ce1-bfa4-1e6caaa31dc6
issue-usability,453a3e5a-99f8-44c8-b671-dd1fa1ebd94c
issue-usability,4543aa0c-440e-4e5e-9b84-c974a3808c41
issue-usability,454ee4da-e97b-421c-8fc6-5f973ae03283
issue-usability,45f50a2d-4f73-49b3-8c92-02e6950ff041
issue-usability,4659f2e7-5cf5-4c4b-8f28-8bd35b1fa86f
issue-usability,4663d61c-777a-4967-96d5-bbd7b2cc6845
issue-usability,467d74de-a1f0-4d53-a1a3-cae5183cbe0d
issue-usability,468ec471-c005-47a2-a85b-9502a79a2209
issue-usability,46b51160-e402-4576-86a5-3f02804e6924
issue-usability,46f2858a-912f-4caf-88db-b3e3a37b3f8d
issue-usability,4757f58e-8504-416f-98e8-d22d6391924e
issue-usability,479aa1c3-1e32-4966-ba0e-0c518efad911
issue-usability,47cb170b-2bc0-4fbc-aaf3-2b2b033fa377
issue-usability,48cb3713-cb35-4a47-a3ce-c31ec603acbe
issue-usability,4930b070-1b64-4313-915c-e598be7503ca
issue-usability,496f4135-8527-4933-9057-34a740a48368
issue-usability,4981c5ad-6889-4388-a138-d057e638fcca
issue-usability,49a3d13d-5469-4ce5-88f7-4e5166e49adc
issue-usability,49e27ad6-8083-42cd-8f3f-e4168608cf00
issue-usability,4a0de7f2-c63c-4b63-8c96-122ed8367000
issue-usability,4a2d7477-f598-4e2d-b99d-836060a147b9
issue-usability,4a3bc8da-0e84-4e52-a169-94fe0d6e702a
issue-usability,4a6c4064-a45c-4804-96f9-238a7e40c938
issue-usability,4bae8579-9d96-4a79-b4d0-544a8253c0d6
issue-usability,4bafa11f-d059-4c33-b256-1d2dfc85286e
issue-usability,4bdbb9ab-8935-45eb-a7e5-c6c36bb2e0f2
issue-usability,4c1a0065-923a-4bc7-9a41-b34598ea1937
issue-usability,4c5ba668-126e-4631-931a-c84afa7c97ef
issue-usability,4c6f4d24-2c1f-41b1-b221-3fdf4716e725
issue-usability,4cb925d5-1da7-4101-a0ba-7915b99b46fb
issue-usability,4d1a4fe9-f273-4171-b9c3-a7df7cef14b3
issue-usability,4d285141-406d-40d3-996c-a18844489025
issue-usability,4d327494-7846-481a-bf00-f4b5abc099c4
issue-usability,4d34bd04-6ebe-4786-b18e-255a4015388e
issue-usability,4d58bce3-2530-46c1-9429-efd7fed7284f
issue-usability,4d7c1b3b-b7f8-417e-a984-6ae27c3acef5
issue-usability,4da2cf8f-b70a-4a44-b8a1-ca564bd6c756
issue-usability,4da2e6f1-77e2-4c37-832f-8e9729e2dd25
issue-usability,4dbe71d6-28af-40fa-81b7-dee8c5e9dd64
issue-usability,4debbbaf-74a1-43fa-87de-5e40bc35e643
issue-usability,4dece8a7-a4ae-4b63-860e-4dce3454d4da
issue-usability,4e188bfa-3456-4667-9d92-e6ac1717bec9
issue-usability,4ef35a75-2144-46a8-af01-8b7e3b48d1d7
issue-usability,4f2bea29-74d3-470e-9ddb-c106f2eca29b
issue-usability,4f3daacc-4ca8-4543-9c11-1647ebd0b9f0
issue-usability,4f6a50a1-9440-468c-b35f-961bca94fd88
issue-usability,5014576b-fe43-437a-a951-0f66c978ed04
issue-usability,502aa230-c858-4113-81c0-2f46c819a9b6
issue-usability,50555133-671b-4fe8-b182-e5bc626f90ec
issue-usability,505f3ed1-4c47-4c0f-937b-a6eb566fd373
issue-usability,50626053-301c-42fa-91aa-2f88aef82e64
issue-usability,506e14e3-664f-4e88-91e7-9d9d85096b42
issue-usability,50c0a31a-3273-4e0a-b2fc-f00ec566ab73
issue-usability,50cd1db8-282d-40f2-957c-d15936bf2c1f
issue-usability,51b88fe7-57fe-40a8-8b06-e282a620a91f
issue-usability,51fb3544-5d75-430a-95e7-99f94beeb3e5
issue-usability,527b0251-907d-40da-9d02-b7fb2d799a89
issue-usability,52d9135c-ce87-48c4-bd9f-0406e3b6719c
issue-usability,52e1c84e-a6ff-4254-a492-3303a57f8c7c
issue-usability,5324f051-e492-48af-9e78-b7740ce38149
issue-usability,5361785e-a59d-495d-bbe1-b3523f724f54
issue-usability,5370b7b1-cd2e-48bd-9a44-9cf9400a96b3
issue-usability,5387d8fe-d84f-46ca-874d-f385e6ef281a
issue-usability,53999a86-4dcb-4eef-9ce6-5046bd063d90
issue-usability,539b65e0-1960-481c-9661-cabd152713c0
issue-usability,53d12edd-d69d-4d1c-8a34-07745db63aab
issue-usability,53d1de40-305c-4d65-a8e0-94614c5a6365
issue-usability,53fc0033-530c-461c-a0bf-e7c8177e0dfd
issue-usability,5432653b-79e2-4502-a60d-39e652c0ee18
issue-usability,5446716b-7b2c-44fc-8af2-eef7e7b75859
issue-usability,544a24bb-766f-4052-bb27-7f8d02722dc2
issue-usability,544a8481-e12b-4878-92d0-ec3a5256e13a
issue-usability,54b136f4-2a58-4be6-b070-30926fda9d14
issue-usability,5512fb8f-b7c1-4773-a3b9-a5aa3ee8ef53
issue-usability,55472c30-8703-4ceb-9678-d208276c3393
issue-usability,55fdfeec-21dd-466e-86e5-feabcaff2d64
issue-usability,5669890a-3f55-4e78-b79d-bce2df9cf5bb
issue-usability,56b666a9-40ad-49ba-af55-622424063288
issue-usability,56e62a0b-5a6b-41db-a9b9-d68fdfb1c474
issue-usability,57066953-9ae5-4382-b6b9-af1fff401132
issue-usability,57796843-b718-441a-921d-8dfac3fbc679
issue-usability,57b69503-dac0-426e-922a-d76eac4df055
issue-usability,57c53916-959a-4647-af18-39953dbd5668
issue-usability,57fc92cc-3266-4d9b-b6c5-0fa09c2c0a6f
issue-usability,581640a2-5c72-4425-bc14-06fc2839ffe2
issue-usability,5874d21f-906f-4417-a764-cb87c48c0cfb
issue-usability,58bba6af-b88f-4821-b220-6194739092b3
issue-usability,58c4282b-f0a9-4ae4-a7f0-6e6f30d6bafd
issue-usability,59195b5f-4e3d-4830-9826-a02660850f87
issue-usability,59bb31da-1a55-4a67-8182-6b6cc0cd8700
issue-usability,59d1e2cd-526e-4dea-86b5-964667c7c45e
issue-usability,5b09ce82-4b48-4e47-97fa-24c4684b8947
issue-usability,5b12a349-0c36-4865-a317-6246a3e6f2f8
issue-usability,5b21b0cd-3290-4e19-bd96-19d2a1151faf
issue-usability,5b7f65f9-7f6f-471e-aea1-ce01346dc494
issue-usability,5b9e37d7-89ff-47ec-b208-f2c8ea241829
issue-usability,5bccc845-f12f-4616-aa53-6efb1f7fe90f
issue-usability,5bf7e2ad-16ea-46bd-b3b1-cb0732e36834
issue-usability,5c0ab98c-ea63-49a4-b5a1-4873ffe7a3eb
issue-usability,5c0e9af1-1942-4a04-b788-900ecf51e6f9
issue-usability,5c9c17d3-9d6a-4fa1-a2a4-ae98eefbbd25
issue-usability,5cbaa7ab-ae4b-4164-984d-55bd1fdee2fc
issue-usability,5cf13728-8a52-4a17-b950-ae1be2263f69
issue-usability,5d0765dc-3f6b-4a82-a34e-d8a0194069ac
issue-usability,5d3371b7-5242-4c82-9624-48faafdf00e5
issue-usability,5d4bb1d8-052b-40fc-bbe6-4d4c914a3bdf
issue-usability,5d4ec4e5-faf7-4c6b-ac73-25ef4ad281f9
issue-usability,5d511c79-fb09-468e-9c37-0f14175bbaa9
issue-usability,5d80486d-328d-4d30-9ab8-fb19b974eed6
issue-usability,5e42046c-b29b-4035-ba83-a8e222789e98
issue-usability,5e684c2d-8830-4d24-921e-dec2e45c2e38
issue-usability,5eee18a2-a385-404f-b56e-13a0bd199096
issue-usability,5f4c16e5-5388-4c58-9748-26c61aa9e9a7
issue-usability,5f4ffff8-311b-483c-b800-8d11c9b73e36
issue-usability,5f65f6f9-81f4-41e8-88f0-379410138917
issue-usability,5fabce90-9bb2-41ca-a8d9-084ad25610a0
issue-usability,5fcb2a5e-1d4e-4ae3-bf5b-7d158768f048
issue-usability,5fe316f2-5bc5-4402-9233-66e9b1da496e
issue-usability,5ff9b1ed-4b40-4686-a1e1-317efad30018
issue-usability,5ffa18b3-9b17-412e-9423-f5dde307e3a0
issue-usability,5ffc3e7b-b2d8-4ef8-b228-fb5be2478acb
issue-usability,601c22cf-f050-4ce3-863c-a2b7edba8fca
issue-usability,60249aab-75ea-452e-911e-1628379f01b1
issue-usability,606cde25-f295-410d-8642-98c7a8da0b0f
issue-usability,6078b922-0b06-4f91-be0f-98346dc2c766
issue-usability,6097befe-01c9-4bbb-941d-c17bf6212386
issue-usability,609ddf2e-57b7-45ee-9517-817b305a8418
issue-usability,60a4011b-3508-47ab-98ac-871a727f9eeb
issue-usability,60ab6923-c70d-4b14-8d64-9d1fa85f429c
issue-usability,60be1369-9e72-477a-b32b-dc27ab5d62bc
issue-usability,60e06ce2-5691-4620-a009-e91ed3b145d9
issue-usability,612cee09-258d-45e8-b29f-d609c6e6679a
issue-usability,618aa97c-08f7-4562-9f4e-12ddf823c38f
issue-usability,6194754b-94fe-4028-859c-40d465db79b4
issue-usability,6231ddf3-3649-41da-9ac6-dce04cae2f11
issue-usability,62a8a675-1293-4090-a775-2d48ca8cafdc
issue-usability,62e28025-7bd6-4918-9102-28254625de5d
issue-usability,6310dd82-80e9-4a78-80e6-72623e00967b
issue-usability,631c02f8-4767-4085-9a24-d3a5334f3fd3
issue-usability,6338de2f-a10c-4692-b9fc-0e76b9fdb21a
issue-usability,6360d9a8-1a50-4d38-9810-56f627068b4b
issue-usability,6362aab3-72c7-429b-8b1b-3fecc0f86430
issue-usability,637cfc56-ae44-4389-8402-901e85096a63
issue-usability,63cb35b6-b643-4efb-9385-c5293924444c
issue-usability,63f66f97-507d-43f8-83c5-00a0d790b961
issue-usability,6432b70d-3348-4601-bd6e-dcfd8248b93b
issue-usability,643b9fb7-32a3-4a63-9ce7-2628b2d4b071
issue-usability,6456a30a-7075-4010-a53e-4e419a0a97f9
issue-usability,645f5455-2668-43eb-8e11-2a5703dd8eb8
issue-usability,64683158-5fb4-48c4-9ea6-9eb9a4ec7465
issue-usability,649c129a-f62f-457a-97b1-c135da37ff2f
issue-usability,64cd059f-ae17-4407-8f4a-75e4b00cb2fc
issue-usability,64f744bc-d3ca-442c-b110-2c944ca85fa1
issue-usability,650b85c7-f807-4923-b858-2ef8bf84f2cd
issue-usability,656a6ed9-a22c-4011-9609-023e18829a33
issue-usability,65d20d39-2351-4771-8963-deeb36ba2957
issue-usability,66188418-bbbd-426b-8929-4e315bf84a69
issue-usability,665700c2-bd10-4d1d-be93-4edfb7e64443
issue-usability,66631037-c91b-441a-8bcd-24389c6a285f
issue-usability,66721b4f-87e0-4773-9517-a66530860ad1
issue-usability,6678d67e-81f8-412d-89f4-0da0ba807806
issue-usability,66870770-badc-4ae4-8a67-631b61c49ea5
issue-usability,66d1e71f-25e0-49d8-b874-987d9b2fe603
issue-usability,67445de1-8f50-44c7-894e-a44064898877
issue-usability,6769f6e6-1c5c-4f38-8bfb-991b9f9d6aa8
issue-usability,676b7102-55d7-4d8f-97fd-16e927767497
issue-usability,676ca89a-1a2b-4170-a16b-21a85e7d7d8f
issue-usability,6780c85c-2847-42ba-85d4-ca1780e4f068
issue-usability,67a5a59d-152c-42a0-a936-0fcb8a15b2c9
issue-usability,686be1c0-68c9-4c78-8b41-8d80506254f3
issue-usability,688a6b52-e271-48c6-a084-35b7bdd486b7
issue-usability,689b962b-f142-42a9-b04c-c88664222fd0
issue-usability,68d9fe0f-e915-42d6-adc4-4033f2baf0ca
issue-usability,68dfcbfa-dbeb-4b3f-9bf0-14cc484365c7
issue-usability,692e4151-ebde-4210-8534-fe4177d9d8e4
issue-usability,692ead81-b209-4f94-a8f5-5552c3e0fcb1
issue-usability,69fb9b25-8276-4876-8424-c1ae953399dc
issue-usability,6a3bce21-92de-4199-a48f-9f90035b4072
issue-usability,6a4ae39d-ac4f-4f14-828e-41bc3ad97ef2
issue-usability,6a74894d-6a1c-49c9-8b64-50297df348a6
issue-usability,6a7df406-d66a-4492-9b03-5a1ddb650380
issue-usability,6a7e65da-8aa3-40a2-b6af-b06739db7f31
issue-usability,6a84e8ea-1bd1-4d84-8125-d76586688218
issue-usability,6a98ee7f-af2e-4d1e-b4a2-27536dca19fc
issue-usability,6b19ed53-47e9-4ee7-bdd6-18cfdd6ff04c
issue-usability,6b1b65ad-70c9-4a44-827f-32751197f24b
issue-usability,6b2efab6-200b-4e8c-88e2-bc13096db123
issue-usability,6b310133-b01f-4cee-be28-86e5ea0e1d7a
issue-usability,6b8e36d9-dfb1-49fc-89c1-75ec5b6cfc2d
issue-usability,6ba8fc67-700c-4d33-ad84-ef67a05b2ae1
issue-usability,6bb2fb43-0276-42f3-b952-9b0ec0e2de19
issue-usability,6bf5d81e-a215-4cb9-aa59-158a93a0192a
issue-usability,6c0e97e8-5413-4230-82ee-9844da47f88a
issue-usability,6c1b5d7f-e72e-4843-aeb3-f7b27d7f13ff
issue-usability,6c69460c-c4e5-4cfb-876c-6767f267c89f
issue-usability,6c73652a-e03b-4075-af2b-c29e33e0df36
issue-usability,6cf35ef1-96f5-4508-9972-0f022a5398a1
issue-usability,6d1c29a2-8da5-428a-a822-bae723d242f5
issue-usability,6d8f7d1f-54aa-4ec1-b02c-805002951c14
issue-usability,6d9754c0-69f4-4710-ba36-056f28640991
issue-usability,6dab8444-5dd3-417d-9ba6-1350112e4851
issue-usability,6dfc27ea-dc74-4a88-a67e-99d9554063ef
issue-usability,6e0d2edc-2c07-4d1b-8d77-ac2fb607c141
issue-usability,6e0e009f-2fd9-4e4b-b9cc-f268b0e10d46
issue-usability,6e106ad0-737c-4c9a-b2e4-d966142caeec
issue-usability,6e6ccbe9-e35b-4558-9920-388109dea79f
issue-usability,6e7890ec-3770-46dd-b21b-514915c439e9
issue-usability,6e7cbce9-fa42-48cf-b4bb-2438933212bd
issue-usability,6ea80aa3-f397-483e-b0f5-04fbfadc4a08
issue-usability,6eb64519-37d4-4591-a47a-bbb96357de36
issue-usability,6ec0f0af-8be2-4d49-97fc-091c274cc473
issue-usability,6f37c5e5-e991-4051-98ca-a828d3c56811
issue-usability,6f9cf2f1-c516-48f9-bc19-f41b2c5ed150
issue-usability,7084ced1-0428-4093-9328-442f74719b4f
issue-usability,708ef2b2-053e-4c55-9c50-f52d04b60feb
issue-usability,709b1d34-0f02-471d-a329-914f24074961
issue-usability,709ce131-36c6-429d-b04a-f2c37f4ebd30
issue-usability,70b76b68-4876-42a9-b1fe-80087693908b
issue-usability,71095e1c-86d0-4639-8db0-9b74afdf6d4e
issue-usability,7162534d-6a5a-4aef-9da0-69f3633719aa
issue-usability,71776573-1025-44f0-bb96-ee777d784d5a
issue-usability,71a5fdd0-7476-4d9a-9564-8598b3289387
issue-usability,71a7bde2-96c5-4c95-9fa5-19ecae208b06
issue-usability,71b7c5f6-a6c3-4417-8954-5e7ebd187224
issue-usability,71dd9d34-f2b9-44cb-8008-f41d79f85aed
issue-usability,71f50cd4-5f25-4a61-8ca2-0125494ea9bd
issue-usability,723ff0b8-902a-4d42-a70f-9fb356d13663
issue-usability,72556da2-a2f5-425d-9dd2-ee17f8b74c35
issue-usability,727851b8-0bbb-4919-9b77-677d250fe2bc
issue-usability,729fb31c-340d-4f6d-b3d8-1adfb0dc94aa
issue-usability,72aa67a1-5930-44a3-a8ea-f84fe804184f
issue-usability,730d333b-e11d-4467-bb69-33ac63194f83
issue-usability,7359848c-1715-4cc2-b10a-5e00ad101ea8
issue-usability,73c372b7-5d5a-45f6-a3c6-9d4dbafe697f
issue-usability,746e195e-0a09-4944-a13d-ea242986674f
issue-usability,746e206e-0d1a-4446-8989-f9c63c06ca50
issue-usability,749d9a7e-c34f-441c-a6e0-a7a9317ac02a
issue-usability,74c7fc31-1720-435e-a3e3-4b9545c286fc
issue-usability,75074f27-c36c-4b57-9ab3-bdd31a1146c9
issue-usability,7547dca0-619f-475b-bcda-af9a983309e3
issue-usability,75912285-b90a-41c5-aec5-93d3b11dd0b3
issue-usability,75bc27e4-8fbe-4214-92a0-0637242a8f99
issue-usability,75be14a6-4d4c-4230-8938-53a8cc25853f
issue-usability,76644e5e-46a8-45f4-aa11-45eebdd295ab
issue-usability,76b381d5-438d-4107-9977-8bc5b87281c2
issue-usability,770c7998-2014-484a-88bb-1223ca56c7cf
issue-usability,772248c9-549d-411f-b81d-55aac25e30a7
issue-usability,77429dbf-c5c2-4496-b6c3-1728c75cdb4e
issue-usability,77a53aa5-a453-4bcb-8267-d4f44a492dd3
issue-usability,77c8c8a4-7819-412a-8a09-cf83e8cc9c59
issue-usability,77d8d247-1150-4399-a7b8-9b4afc3d014a
issue-usability,77e4a249-469d-4267-84cb-84e46a12dbc1
issue-usability,785ce61b-1de1-43b1-ad3e-011b9bc98cd5
issue-usability,789dfdc5-cf72-4873-ac8f-6f990cb09d03
issue-usability,78ccefd8-3987-4dc0-9539-153f32c1db90
issue-usability,78ecdeca-6ac7-42ba-adfc-5150063564fb
issue-usability,79301447-1a7c-49ed-ac4e-b3b398dc65ea
issue-usability,7946b400-a4a3-40da-a6a0-4ee2f7099ccc
issue-usability,79682beb-02d9-43fa-a673-87d2bd8d9e25
issue-usability,79755734-5039-4997-92a3-e7039c645f43
issue-usability,7983548d-c4e7-4196-9518-bf1e1bf18516
issue-usability,79a7d97f-4a46-42e1-8159-dbcac7160044
issue-usability,79bfe0dc-2854-4cbd-b6a0-a89936f2a14f
issue-usability,79c153b5-f330-429b-a40d-3968086cbc23
issue-usability,79e01b31-e671-4b35-916c-6ac80b60ce3c
issue-usability,7a03e0ab-6d7c-4c0d-84e6-5f0e7dc27015
issue-usability,7a62dbf9-bfde-40fb-a5fd-9c29f36e34c9
issue-usability,7a7e36fe-f2f4-4b5c-abad-bae76ff2e14b
issue-usability,7a8c950c-afe8-4909-b5fb-1f666261cf76
issue-usability,7aec09dc-29b9-440a-b7fd-b0342c33c580
issue-usability,7af65c54-e991-4bad-a6f9-a9de9a0c3180
issue-usability,7b643211-1d19-4ead-a0e5-5acd6115b64f
issue-usability,7b6c31b2-af5d-4764-83a0-a5f535b5239b
issue-usability,7b9c4644-775a-42fd-b331-e1c935b32740
issue-usability,7c223129-456c-41f8-9f3c-ac4020533ef4
issue-usability,7c7c202a-741a-4942-8724-71daad7bf27a
issue-usability,7c8855c8-704e-4a1d-bfc2-792488717047
issue-usability,7c89106f-1cf3-478e-a9cd-9533b8aad0ac
issue-usability,7cbb7280-0009-48b9-a529-852996997d94
issue-usability,7d1cadc6-350d-4b3d-b88c-9748d6a720d5
issue-usability,7d25b5cc-e6c1-4b5e-8e13-d7a96bd78994
issue-usability,7d3f5db1-4076-4c2e-8561-01ee06664fa6
issue-usability,7d9f22b2-a40b-491d-b32b-46c38043e67f
issue-usability,7dfbc802-51b4-4dea-8aa1-8f982e63cc19
issue-usability,7e0f5566-f38e-4bcf-b050-4cfb0f1ea8c7
issue-usability,7e2bef73-a121-4c31-b819-d9a75a442cda
issue-usability,7e2fbd73-a2b1-4439-9204-a240f9452ac3
issue-usability,7e4ac518-ef1a-4c8c-98a5-d0f45a78b7ee
issue-usability,7e51f58b-54da-4820-9536-d253d3007112
issue-usability,7e5eae5d-38ce-42b3-b2c8-f5193f4ba3f9
issue-usability,7e7b9d3b-3d24-4414-999a-7faeba47861e
issue-usability,7e8e2558-11f9-4df9-8a05-409bbb0af174
issue-usability,7ec6f222-1b48-4101-ab81-72b7c2532fb7
issue-usability,7ecedb28-efd9-4735-acca-9519482af8d2
issue-usability,7f057d48-0855-4325-950b-44f9e6fc2ee1
issue-usability,7fc8466c-75e7-434b-856e-2d47acaea187
issue-usability,7ff18251-04c6-4818-ad3d-ffc12a5dda5a
issue-usability,802a0fbc-7a17-421e-99a6-26368e90735e
issue-usability,802e7962-f8e5-4fe4-9f52-2f808da0fa77
issue-usability,806362ad-5b85-4a5c-8e9f-ab2422097f64
issue-usability,8067b73a-c29a-4cec-b9bc-725226e1daf7
issue-usability,806bead1-fe48-4699-8b68-0d954e3702b4
issue-usability,80cc14f8-28e8-42b4-bed0-57a6b35bced2
issue-usability,80e2b39e-11a5-485a-aace-8a8d8c564dc1
issue-usability,80f3a524-856f-4bf9-8803-bacd83c50002
issue-usability,8131c779-bed7-456c-a708-72cb8450d2e7
issue-usability,813557c3-f9e2-45fb-ae22-46ae4d901440
issue-usability,815da4eb-5547-413d-8562-6d912a7ed519
issue-usability,8171d771-6b94-4db2-90e7-ae2dd915a28f
issue-usability,818a84a2-6e60-40d1-80bf-cdb1bf00db5c
issue-usability,81a94fdb-e93a-40ad-81ae-b96e6c49a145
issue-usability,81c3c4f2-d4cc-443d-858b-cbdd110aee32
issue-usability,82b0c1cb-6dc9-4ba0-ac14-473ab6d611db
issue-usability,82bb13d2-7923-4c05-b5ba-98006083c05b
issue-usability,834f0977-6dfe-4644-80e0-4239a315487a
issue-usability,83b0806e-62f9-44b3-978c-eb4da20ac938
issue-usability,8421e1a7-4618-46d1-bec3-80dfcd19a6e0
issue-usability,84685ce2-7e0a-411a-af93-4623042c3e1e
issue-usability,84d8198a-e374-4867-aa58-ee56643f78e2
issue-usability,84dcf4d5-d0b6-4f08-8b5c-bbba5eeabdc7
issue-usability,852a9999-0102-4c5b-a099-b705aaed4b7e
issue-usability,85383985-844d-4f9b-bcd9-d6016ac35f6b
issue-usability,8560f945-6dab-4d8c-ae49-ed1b9afdc38c
issue-usability,85732ab4-236f-4a1a-bda4-86f17fac4670
issue-usability,858dd18e-a22b-48b5-a09d-b6e90dc12b5e
issue-usability,85b0e143-14cb-4e1e-bdfb-a9ad748988bd
issue-usability,85e978f0-13e5-4264-8d3d-251ac5c36461
issue-usability,864337a6-c23e-49f1-b47a-5010ba84239a
issue-usability,864e390b-135e-411a-9d03-f28648086cfd
issue-usability,865a3b02-0d74-4596-96b4-3c9fa729dbad
issue-usability,8718474d-564f-4a84-8653-5cab67d112a3
issue-usability,873fd1fa-e944-4fe6-8d4b-38cc0344ce4e
issue-usability,87768294-bfa2-4a25-92f0-9e21769a6da4
issue-usability,878d6241-200f-46c5-aa39-45745cd4a55e
issue-usability,878e6d3d-5167-4b5b-b0f1-f63643d4693f
issue-usability,8797c393-f8dd-4b1b-88f6-ae3ed3a920dd
issue-usability,8826376c-26ef-4b8e-a67c-a4df1aa232c8
issue-usability,89a16989-04c9-45fe-b5e6-38c2ae9313fe
issue-usability,89cb940d-ca8e-4ee6-a6d3-a5950cf34103
issue-usability,89d7ec24-bae6-404d-b87e-d40e87889963
issue-usability,89ea2c30-db8b-459d-8ab7-bbcb7f92c774
issue-usability,8a0aa2d6-4eb0-4472-9ea5-6eed7123933b
issue-usability,8a1e0141-ad0b-47ca-b0c6-de78e25a067a
issue-usability,8a8d3b58-1878-40c4-b26c-2a973456c7fe
issue-usability,8aea20ca-9ead-4415-bbfa-b63407cbe039
issue-usability,8aede981-51e8-4191-a6a4-cabaa61cfd4a
issue-usability,8af9f23b-03b1-481c-8af4-b83eb9da60ca
issue-usability,8afa05a0-4a07-47eb-b08c-7d00abeacd9b
issue-usability,8b24f89f-fe81-4737-a86b-78164aae57d4
issue-usability,8b2ec2e4-3712-4690-bcd8-18a81d275fb9
issue-usability,8ba96b9d-2617-4174-a217-febfc2e3ee92
issue-usability,8d0db73a-a13a-4f12-aff6-05ba1449dc0f
issue-usability,8d607d4d-2a3a-42ef-9545-d80f3248a11f
issue-usability,8d690286-6258-4cdd-8a9f-60045d835f39
issue-usability,8d7eb70f-f947-4453-be0f-535a1361dc85
issue-usability,8e210abc-3ef8-400c-b771-630dfac4979e
issue-usability,8e73c6d1-c85f-406a-8a15-6874b46426ab
issue-usability,8ef647ff-078b-435a-9515-e93387f43abb
issue-usability,8eff8bf2-2075-49b5-872c-7c4b5819cb9d
issue-usability,8f383468-bfbc-4db1-9aeb-1dee77a7307b
issue-usability,8f3e7632-bd9a-4c07-b5b7-9e03964d6b0f
issue-usability,8fbf9d66-ce5e-45d7-9267-0db0051c668e
issue-usability,8fc24dcd-0c47-4c98-98e2-763477a6e4b0
issue-usability,8fd987c9-4d15-4bd7-b62b-cce840df0ecd
issue-usability,8fe183d0-b907-41e7-918b-8a46112e8cec
issue-usability,8fe74ab4-922c-4191-8ac3-1daaef03113a
issue-usability,90864cef-d24f-4ebf-a3c9-b5267483fcc1
issue-usability,908eb864-579d-4722-b5ca-43ce86fbc1f5
issue-usability,90ee8d96-cc11-4350-ac81-c8c4d63fd5c8
issue-usability,91755919-64e7-4613-94f9-4cfb44976c44
issue-usability,9186a112-b327-4464-a15e-fa1cf934e873
issue-usability,9192f306-30f4-4d69-aff9-fbb168e44e08
issue-usability,91d44e81-f265-42eb-a2a6-794520b104f0
issue-usability,91e69717-0266-471a-8f36-b4e7efa7012d
issue-usability,920f9256-8503-4037-ab78-de36381fb675
issue-usability,9238f1a7-12fe-4ef4-a3fb-2c3b06f9803b
issue-usability,9291c867-e086-4719-a0af-7e70197e61ad
issue-usability,92ad4235-6ff5-48ff-b315-5f1af73b88ed
issue-usability,92c43612-30bb-4514-bd51-cb7419c7e4d2
issue-usability,9324b334-2ec7-44ec-9da4-5b9f7614b689
issue-usability,9332c84a-5acd-4614-aaf7-781fdc73d840
issue-usability,933b1cf2-8fa9-46aa-9a06-85fd89533a99
issue-usability,9365b83d-2a62-49e3-bd99-2d688d14e6ba
issue-usability,93e5c508-9fb6-4965-b8e3-000048d63742
issue-usability,9417e10f-47c5-4ac0-a256-ab1f16a87181
issue-usability,9483c420-ea92-4e6c-b4f3-e428bd69f1a4
issue-usability,94b58df8-9e8c-4d7f-90cc-356b83e64dd5
issue-usability,94c9f2f9-36fa-4c11-936e-660514fe7a35
issue-usability,94e692ec-6c1c-4d6f-94a4-c101e6f7b0d3
issue-usability,950c3c8a-c094-4d15-90fc-b7ae9053b702
issue-usability,957b3a8d-aece-43e9-8218-402aad2bdfbe
issue-usability,95bbd835-c9a7-421d-9141-1f9c704b09a3
issue-usability,95d35e66-bebd-4b2f-809d-0af6dac01ded
issue-usability,95d9b7e8-46db-4583-8895-b862c2c34a2f
issue-usability,960ef7d4-1c35-4783-b670-f1902bcde486
issue-usability,9617c9f5-11e6-41e5-8a15-8273a23e4774
issue-usability,964b4087-32d8-4746-b645-dab7f2c20546
issue-usability,967fb02f-f2c8-4afa-b017-d825a4fc063d
issue-usability,96a80a3a-14ae-4384-97f5-3b7d3cf7065a
issue-usability,96f9db44-5fcc-4817-9689-bed4076d64b9
issue-usability,97787948-dae7-4bea-b65a-125c153bc50c
issue-usability,97c57930-0ead-4e3c-96ad-efda13654871
issue-usability,982b2743-9b23-491c-a946-56304fc6e45a
issue-usability,982c3b8c-ee10-40d3-9a72-5c2a82665a05
issue-usability,98419bba-8473-4879-bf27-f7d747703168
issue-usability,986a77c9-c565-40a1-872b-de51c92781dc
issue-usability,988a6089-21c0-4681-88bd-b8d9c61ca546
issue-usability,98939944-71c8-4991-aabd-08e364438b26
issue-usability,98939bc8-a697-4a07-a5e7-96721a535023
issue-usability,98978e42-c3ba-41cb-b633-40a028961e2e
issue-usability,98a40dfe-f60e-46d3-b8d3-54c1a0101c78
issue-usability,98c18a98-d91e-4aba-8ef2-cf9416f91df6
issue-usability,98cb26c9-eaf1-4284-bad2-0e20259dc107
issue-usability,98f83d56-f85e-453b-be45-b4a05ac9ecd3
issue-usability,991dc66a-aba8-4844-be48-816539680877
issue-usability,9945fea1-d419-431d-a675-a8a9c07c5fb8
issue-usability,999448c0-5851-4ea1-bf9e-7db84bd9e7c6
issue-usability,99d86d31-6393-4942-87db-e4af6542cc2a
issue-usability,9a6978e2-b112-4312-a464-da6f905c9b64
issue-usability,9a73aeb4-f2fc-4b23-a6c8-07c8826e1b01
issue-usability,9abdd385-2c7b-48ab-9bdf-de2ca9ed37dd
issue-usability,9af97e15-811e-4604-a441-36cf9c68ffcd
issue-usability,9b0fbce2-1e76-48eb-b9eb-cbc415744b92
issue-usability,9b1ffbf0-39e8-4f44-91b1-9c0daa2c1124
issue-usability,9b2214d5-52b9-4153-b0a0-63404a041c1c
issue-usability,9b3b7693-631a-4745-80c2-ca0c3ae9942e
issue-usability,9b462fb3-5f48-45cb-ab59-5b41b1a869bc
issue-usability,9b4f7847-670c-4a6f-b71f-aec48132e586
issue-usability,9b6e586f-6ac6-449c-b803-bb5cd5089e76
issue-usability,9bb38c41-6af3-4087-89f6-9c3b482bacf7
issue-usability,9bcbec2d-690f-417f-a133-8708f83d4bda
issue-usability,9bff7223-d67a-4d69-94d6-564509b8a4a2
issue-usability,9ccca3a0-dd91-4434-b0c6-10821350c383
issue-usability,9d12c16a-2542-41af-ab04-e88cec5b0a92
issue-usability,9d7c0b4d-930e-4554-9555-4c080ae27cb3
issue-usability,9d8a752b-71ed-4c0a-b742-8940cd2f4d3f
issue-usability,9dce0265-4422-406e-a7b4-049cb14cf92e
issue-usability,9dd81e5d-f837-4686-90df-f065345cce84
issue-usability,9dff554d-31b4-4a78-b265-09f2c7a54a8f
issue-usability,9e52389f-0aed-4716-a6a0-b4bd77f181b1
issue-usability,9e5f9745-f8be-48d3-b9de-4d118507d94a
issue-usability,9e6c23d1-c39b-4090-90f7-8bafec022491
issue-usability,9e87f665-a014-40ea-8174-66baf902c294
issue-usability,9eb816db-60e3-4f7a-81a4-ef868e3a8530
issue-usability,9eb843c6-ab2d-459d-8507-5b8128279fcc
issue-usability,9f855846-6620-4eeb-b456-0b12f4c97bf6
issue-usability,9fccab2f-8ea5-410d-831b-6f3b5ddabc4c
issue-usability,9ff7a286-fa0d-43bd-850b-b702ff5bd955
issue-usability,a00e4c54-f262-40dd-8b52-532c05d696a1
issue-usability,a0abfc67-bcb5-40f7-8657-7c38db206135
issue-usability,a0bc9dc6-a5a5-4560-8312-21a9ac284e46
issue-usability,a0d7e408-bc4c-4fac-a6ab-7810da6fcd9f
issue-usability,a0f91c48-be73-473c-9660-eee8eef56e4c
issue-usability,a10cfede-5647-4f56-a094-752c34b9dd6c
issue-usability,a1b8d0cf-3c46-45b3-97ef-2673cd1e3f22
issue-usability,a1ba128d-892e-4214-b405-45ed91aea016
issue-usability,a1d6f840-74c1-4053-a9d8-b08d9fdd2adc
issue-usability,a1ef7ddd-d71b-407f-ab12-f648e2254fd2
issue-usability,a259202a-64bb-4286-a559-c04c49b72cc5
issue-usability,a25fad72-6dd9-40bd-a793-176836d8ddbc
issue-usability,a283f374-ecb3-4f94-8d53-0ba99f571184
issue-usability,a2e78f08-0fb9-4ee3-ba29-d301fc098386
issue-usability,a3162f2f-2798-4c0e-8c4b-017a569c0330
issue-usability,a3379e5d-2996-4961-8faf-d2c98fbe3f18
issue-usability,a340f1dd-cc36-4ef4-a226-f186d9711502
issue-usability,a3983941-4fc9-4c68-af1e-f08dc363c2dc
issue-usability,a39e6299-86de-4216-954f-90e2a3d2e68a
issue-usability,a3ab25bd-6a11-4790-b608-dae4f3b7ebc0
issue-usability,a3c6d913-4b67-4025-b34e-3760e5f7795f
issue-usability,a48afb08-2384-4ed0-8f36-268aad4c8f63
issue-usability,a5096cb5-04a4-4142-9a8b-a2a7ae1b9fd9
issue-usability,a526a9b8-a2ac-412a-96ce-3d9f40163ba4
issue-usability,a52c4256-f18d-4143-8395-460fda424a7d
issue-usability,a53e66b8-9083-49b7-bac0-9e98910518f0
issue-usability,a565299f-bc20-4747-afed-46c53b028ecf
issue-usability,a57c3f44-8f1c-4da9-beaf-de7ef28153c2
issue-usability,a5dfc336-c610-4ffc-a7a7-c25ca648cf92
issue-usability,a6083c76-fafc-464a-b704-b6d3e33d9bff
issue-usability,a6162d82-f151-4c9a-806c-8d1d3c90d780
issue-usability,a655427b-8841-44c9-9ce2-39e505aae00c
issue-usability,a65fa17f-448a-4476-9d5d-43168e9e2449
issue-usability,a691aed9-0c0b-42a8-a730-51c4a57aa4fd
issue-usability,a6dcf914-beae-45ba-9202-625c6206c2fc
issue-usability,a6e3adfe-439a-40ee-9c91-d44f7095ef30
issue-usability,a70baa1b-2269-497b-9f64-5b03fabc57fd
issue-usability,a772cc85-885b-4450-96f7-9595a97d51d9
issue-usability,a77e24df-03b0-411a-9868-6b6991d6aae2
issue-usability,a788da91-be9f-4db5-b7d3-4a1c157e7dc5
issue-usability,a7a780a7-cd4c-4ff3-a53b-8c7c1ebd1894
issue-usability,a7c980fd-2d53-427c-b905-2b959381367d
issue-usability,a7dabcfc-b00f-46e1-9f92-3235a864b2d7
issue-usability,a8372c50-9b89-442d-ae20-ec160640f855
issue-usability,a88988ba-89d0-4aa1-8ed4-0c5f024291a4
issue-usability,a88d3260-3816-41b6-a3c7-43f589c080d5
issue-usability,a8b31354-086f-4e9f-9e0b-1abf55fa4af2
issue-usability,a8b49cc2-3c58-4e2c-b0cb-080f3c146f4d
issue-usability,a8e97299-cd12-43c2-8129-57ad57a519fe
issue-usability,a930bff9-36f6-4f67-a4a7-daf47456a3a6
issue-usability,a9bd1638-6ae2-4a7a-962b-bc1ddfb2d681
issue-usability,a9ddad52-3fb5-4f8a-b703-56e558c586ea
issue-usability,a9e908cc-b5c2-4ee8-ac40-9b19692bb4b5
issue-usability,aa59f148-f8d0-4142-bf54-91572812b4d3
issue-usability,aa86aa43-19d5-40b4-8b03-535a96346e18
issue-usability,aa894df0-861c-4264-8f4c-a41e7e9505b8
issue-usability,aa922267-71f2-499c-85d4-04926f453585
issue-usability,aa949dec-fb28-476d-9192-be292deac8e4
issue-usability,aad4e769-75a4-441b-9c1e-67c8e13f01d1
issue-usability,aaf75df1-6bf9-4a2f-827d-44018faf4205
issue-usability,ab0eebe6-2f01-4b75-a3c8-2496ec046a3d
issue-usability,ab570d78-a978-4b23-b273-21f5292a42e6
issue-usability,ab67a772-c3b7-42ba-9b80-8d21d3857018
issue-usability,ab83e890-9076-4fc9-a069-c32943e9dc53
issue-usability,ab9c6e91-6c99-4ab0-8aa3-148d1cbbc303
issue-usability,abd4032c-47b5-4bc8-b203-f3600e0aba63
issue-usability,ac445952-36e0-4827-8909-1aef1c26613c
issue-usability,ac581cea-24f2-4251-a062-53cdd77cfed7
issue-usability,ac7a59d3-cb6c-4a5e-af9d-4d7bed7970a9
issue-usability,ac7b9d5f-cc7b-47b2-8d01-c445501fccfb
issue-usability,ac9565bb-ae1c-41eb-84f1-fb5cef6897fd
issue-usability,acc891eb-4c8c-4462-afcc-ad3fb222f86b
issue-usability,acebc0c0-2ed2-4228-8990-44f0c3343c69
issue-usability,ad20b8e7-de23-4de8-9117-df8d71b17b47
issue-usability,ad2f2969-e6fd-4427-8e35-6f157737e1f7
issue-usability,ad4c0347-fe4b-47c5-8b0a-d453bc3aa727
issue-usability,ad50b205-9ae6-4db6-9834-af8777e3c29a
issue-usability,ad59006c-2613-4b95-91b9-71129da21143
issue-usability,ad88c96e-76ef-4a82-b0e8-eba068666ab7
issue-usability,adbe60b6-9a38-4be9-b502-225710a537d1
issue-usability,adc11aa2-672f-45b1-9f0b-91cce1f5a0b0
issue-usability,adc4c3e4-3717-4888-ad86-c9381c224d2f
issue-usability,adf576fa-4039-403f-96b6-a6bc48db2edd
issue-usability,ae2c3220-2179-4f5f-815b-e6f297d2da82
issue-usability,aef8f7cf-4c42-42bb-aba8-a6f6f9211a8e
issue-usability,af0d8771-b2a5-4f33-a79b-1a86f66afa81
issue-usability,af3dad34-54e6-43d6-94a3-dbc7590be236
issue-usability,af5048de-c13c-4fe8-8bb3-57da703b0c5f
issue-usability,afa8e5a5-d755-49cf-a123-59990e5bd367
issue-usability,afeb9574-a2cd-4d70-9a5a-7401ae5677e8
issue-usability,b003128f-6cf5-455c-ade8-2e256168ad92
issue-usability,b04f1530-66ed-48b5-b54b-088de08077f5
issue-usability,b070f47b-42fd-488c-81cd-d164fd688c76
issue-usability,b0b2bb69-b40a-4a8c-8be9-4ccbfcb9edf2
issue-usability,b0c4dbaf-d027-48b4-bdbc-56abaea8dd22
issue-usability,b1064d9e-630e-42e5-91d5-f8d42b56545f
issue-usability,b116e1c4-ada6-4672-ac01-c2c860a59619
issue-usability,b1291731-644f-463f-8ba2-fe77d96c6960
issue-usability,b152caf9-3955-48c5-9d38-a3649ea62a6c
issue-usability,b17ac508-c3e7-4d61-baf4-17984aa79679
issue-usability,b2198713-769c-4227-bd59-b547ec09f106
issue-usability,b282e45e-5c6e-4d96-b427-5ce5234f3e83
issue-usability,b2859d33-f56d-4fec-8812-f7eb59714a40
issue-usability,b2b68a9f-ad0b-4ceb-9525-036ad7b09ff9
issue-usability,b2ecb32e-852f-448c-9385-c922929044ec
issue-usability,b2f0bf6d-cdc3-49ef-9755-dbaf61cb5eb9
issue-usability,b3098d33-f2c9-496a-887f-3922e36de673
issue-usability,b31c04e0-7750-46bb-9db5-35c9c24156a4
issue-usability,b361b1e1-1c3a-45ea-8d2a-da74f6b565cc
issue-usability,b396ebc3-bd74-4a88-8332-e8003415a3a4
issue-usability,b3a74d27-d27d-4fda-a793-1e6c6c99a8f9
issue-usability,b3b8228f-72dc-439c-9416-b38cd1ad2334
issue-usability,b3ccf090-564e-4434-b8be-4da3730be28d
issue-usability,b3ed6829-3ba5-4464-aa44-f7554d3b332a
issue-usability,b40a5903-3bfe-4236-898a-5d2e738a06c2
issue-usability,b4a19b9c-6b4f-4dc8-8c29-0065c59a6c63
issue-usability,b4f04a95-a07c-4def-89fa-a3d30dcfe324
issue-usability,b4f41385-91a1-47be-99db-f699851afa05
issue-usability,b4f4440f-d952-405d-bf7b-f19fb0adf484
issue-usability,b52f6786-9497-43c2-a7ef-c9560722dd34
issue-usability,b55ce8a4-dc54-44a8-94eb-0e76a2f0c996
issue-usability,b576e918-77da-44f7-ba6b-810dd3516deb
issue-usability,b5870bf7-4f2f-4613-83b3-9e6ce108dbf8
issue-usability,b5ba199a-4757-490a-84f7-6749d44d6c10
issue-usability,b5f7c57e-58b4-416d-ba02-0b7399ed3149
issue-usability,b636a461-9a99-4b6b-8494-bcaf501f6ffd
issue-usability,b64c4b36-811e-44a4-88fc-3925dc3f6779
issue-usability,b65c77d7-425e-45d2-bb02-d586e3c5e4ac
issue-usability,b66592e1-60d6-4bd5-8e08-ba98fa7a7d0a
issue-usability,b6b2ff53-f70d-4a30-a8db-d8e84d9df0d0
issue-usability,b71c4e00-5def-47d0-8425-f5d21fe9cdee
issue-usability,b7488c9e-672a-443a-9f0f-13b1c92201a7
issue-usability,b78ae3f7-f89a-4a7c-9710-3324e4fac763
issue-usability,b7f0c40d-ebcb-499e-97c2-ec805a026a99
issue-usability,b818a92c-a7aa-4877-b49a-02c53430e29f
issue-usability,b8576dc6-ec4a-4f1f-aae1-ba30dc4ef383
issue-usability,b917cb73-6d9d-4857-b2f1-c02419696c13
issue-usability,b91c5a12-1eba-4022-b896-c73556708c93
issue-usability,b97884b6-c103-47ed-953a-0586bb6fddb7
issue-usability,b985aad4-565e-484e-8aed-f587f02ef1a4
issue-usability,b9ae23d2-1152-4bfe-a876-afc09c005377
issue-usability,b9f12425-9f66-4b0d-9b6f-b619344d80cd
issue-usability,b9f5cbdc-8a0c-46e5-b9fe-321e01f3d8d1
issue-usability,ba161974-a025-4a71-85b7-8c4b6a838a03
issue-usability,ba6de95b-eb42-4794-ac3d-7f4eda49a5af
issue-usability,ba7e368e-196c-4552-bc24-83a2cd853f71
issue-usability,ba91c2a1-8b70-4bfa-a23f-d683c496581d
issue-usability,bb2758d3-3e22-4e94-a180-a5057d5af567
issue-usability,bb28e229-b761-4328-a4f7-c6dbd5d45933
issue-usability,bb454a9a-22f5-48b9-b432-a74f9a61e206
issue-usability,bb6fdd00-5c4a-4e36-a4e2-0fe63ea239e1
issue-usability,bb819134-2cb3-4e4d-ae3c-a4c3882db308
issue-usability,bbfa52e9-028d-4825-9199-42492d979fe1
issue-usability,bc9d289d-10ef-4348-b7a4-72785991a103
issue-usability,bd232b68-129a-44e8-905a-a904fd8e5182
issue-usability,bd81e7f6-9b16-43f3-ab58-bb100f4bc5cb
issue-usability,bd937dc7-e123-4aa2-a633-abbde8a20c09
issue-usability,bdc3bf9a-f3d0-451e-8036-c0b95e28edce
issue-usability,bdc6a4a6-ec50-4888-a8d2-b09c7e487322
issue-usability,bdecf249-9580-4e0b-ba17-be1ce21cdb00
issue-usability,bdfa716e-7b77-4556-ba56-4f2694ea8734
issue-usability,be611e95-12eb-48e4-8b1b-2af991ca0d91
issue-usability,bf2ca1b1-201d-4df7-b95c-3df43164235b
issue-usability,bf516c38-2c9f-4938-8d82-7a1fd1f4a747
issue-usability,bf6e98e2-c168-414f-9ca1-d6835674594d
issue-usability,bf9e4e5e-6813-45c8-b5db-3e80defc43f5
issue-usability,bfb6af0f-a139-4056-b233-a0bdb2fec6da
issue-usability,bfda45a9-d2a3-4aa6-8530-9abe87a63df8
issue-usability,c02683b9-4980-48d9-a15a-29f9faa51745
issue-usability,c05f8aec-cecb-450e-b299-89329c543e86
issue-usability,c073e008-6620-4b24-ae8e-bf7095b352ef
issue-usability,c13dcedc-50da-48a8-a90d-cfb037a66478
issue-usability,c160ed3e-4bb4-4fc3-b417-dc1e9f426b8e
issue-usability,c1e06a92-a2ab-4eac-bb99-0e7fc0443cbc
issue-usability,c1f45c02-4634-4dde-aeb2-73bf49b3c784
issue-usability,c218022b-7594-46e1-b8cb-3617fd7fa5ef
issue-usability,c2566a8a-95f4-4ed7-986d-3372ab27f788
issue-usability,c2678ac2-b896-45fa-9ef6-fac703eac502
issue-usability,c2704004-f379-4fd3-8cae-670b8fd0b618
issue-usability,c2738a4f-e57c-46bc-a4ad-8ec5a4b5d5cd
issue-usability,c2774d59-69bf-43a7-bf0d-d49b240b33f1
issue-usability,c2789573-3170-4365-a18d-1a5688baeba1
issue-usability,c283aa22-1897-41e2-96cf-6d3497ab7b3f
issue-usability,c28abc2f-5c30-4bcb-b149-cae0b05f562d
issue-usability,c3009df1-8c92-4b7f-8f1e-a1977af03c6a
issue-usability,c3a7fe51-0a12-4878-9083-b174b5e20d4a
issue-usability,c3f90060-9097-4765-8d12-e4612d3cac7a
issue-usability,c3fccf75-0e14-4003-a526-03a89236e9d4
issue-usability,c404a0e7-6b6b-43fd-89cf-348c938913b5
issue-usability,c49be40c-8c65-441c-8319-7e38b7299d60
issue-usability,c51002c4-7552-40dd-8f90-7937b6839543
issue-usability,c520f0bd-885f-43b9-96ca-3cb175c5f4a4
issue-usability,c54111cc-d47b-460a-80a9-77a84bbe67aa
issue-usability,c55baccd-1d03-41cb-a6bc-255a16bb5165
issue-usability,c5c00e55-08bb-4ab1-b4c5-3700192b8f1a
issue-usability,c60431f6-1578-4840-9e59-9e861c78a887
issue-usability,c608b4e2-af45-4940-aef0-2424da586894
issue-usability,c64801b6-65b5-4d00-b43c-1eff39dbdf33
issue-usability,c66b6b0b-60d9-4763-a3cb-8decbc6e8665
issue-usability,c681115e-2974-4c3b-9761-ff0ba9885962
issue-usability,c6b0e2e0-3817-45c5-a187-36c451a6f8d5
issue-usability,c6fa43a0-6fc7-455a-80d7-2a130a72c42d
issue-usability,c747a3ba-29ec-4188-b5c3-38d662a84ae6
issue-usability,c7d0e9a0-328f-4f14-bc78-c66c29f16f3c
issue-usability,c8080f3a-2b8d-4f25-82bf-1ae3c5a1cdca
issue-usability,c87ba210-706a-4303-9c83-808f1e306806
issue-usability,c8aabf91-1509-4e1b-99dc-88e4dd0f1232
issue-usability,c8cc499d-3e0b-476e-b059-a0b164fbfd52
issue-usability,c8f27ddd-c87e-414c-b091-4aab97ff46d1
issue-usability,c92a93e1-00ac-4ce5-b766-0f634d84aed0
issue-usability,c96e7cfb-dfe2-4f44-abb4-1c4cb5de758b
issue-usability,c9877f19-368d-44ad-925b-8b6e808adf1e
issue-usability,c999c426-f722-406c-a26b-3f7df2aab57c
issue-usability,c9b66dfe-84d9-41b0-9baf-0a964e14a713
issue-usability,ca16adce-91f8-4197-8189-2c972e48b5b0
issue-usability,ca1c201e-9412-4b52-9017-1aee02f64d81
issue-usability,ca3127f5-e968-42cb-b23b-212fbb3f90b1
issue-usability,ca33cb8c-9d06-47b6-a50d-a50ed2a39828
issue-usability,ca458c0c-d580-4211-9156-ac3fc322a82b
issue-usability,ca50fb15-3e6c-43c3-b0c7-efacd6b35eb2
issue-usability,ca76922d-7ee6-413b-9eac-118176f6a3d2
issue-usability,ca79edae-4a80-429e-a5f8-1b3afb6bb65a
issue-usability,caa9bb7e-814c-4895-b872-10637419b9ba
issue-usability,cb02fbe0-b40a-4980-9216-d6fd75186578
issue-usability,cb3a8167-7748-4293-8c7f-5d7e15e82b82
issue-usability,cbce36dc-a168-4e59-904f-e65fe626101b
issue-usability,cc39673b-e332-4f1d-a6c6-ce378a715dcb
issue-usability,cc430106-061b-45e5-94e4-5272dbc524d6
issue-usability,cc7b79ef-bf37-40fc-a02e-4917b86e422c
issue-usability,cc9030b5-69c1-4ada-a1c6-658aa845f68c
issue-usability,cca76dcb-fac5-4176-bf33-683d17300f87
issue-usability,cccf5d62-0524-46af-8c28-d80761e37c4c
issue-usability,ccdd78df-f83b-4c8b-97b2-5cef7813ab2c
issue-usability,cd074534-187e-49a4-ba25-8dfbf76c297d
issue-usability,cd5231a5-5d05-4493-985a-e5e2318fe777
issue-usability,cd8ed970-89e5-42e6-bc5e-42008931f3d7
issue-usability,cd8f36e6-1cf8-433c-b7c4-276ab4e3d609
issue-usability,cde09d78-ba53-4678-b106-03d49d7168ba
issue-usability,ce038859-dfb1-4fd7-ab47-d8a0a2b02aa0
issue-usability,ce5d764e-a7be-4fd7-a40b-31c128f4fa1d
issue-usability,ce97902b-355d-4227-af14-c0f379336f29
issue-usability,cf4eaeab-ec89-4e54-bf9f-09bdcdb8d7bc
issue-usability,cf5c7e7f-5e64-42cb-888f-a8cce3b79292
issue-usability,cf6166ae-d71a-4839-9add-088645ad3b78
issue-usability,cf7cb282-1a38-4a5f-a733-c41bf2926117
issue-usability,cfc55845-c89d-4cee-bdc2-8686a7b58fe6
issue-usability,cfcec088-90ab-41ab-ae96-71d76e90a2ef
issue-usability,cff376d8-b1e4-4d28-9d68-65c456f40438
issue-usability,d0276cf5-4677-40e5-b865-df826602bdcf
issue-usability,d0861aa3-e750-4f42-890c-c2cee016df88
issue-usability,d0ac6f0d-462b-4af5-858a-de470b2fa9b3
issue-usability,d0c4913a-7458-4b7c-b01c-7230bc816ddc
issue-usability,d0dc4dba-818a-4f50-a286-694f60f02f76
issue-usability,d108ae38-c395-4789-9b6b-661d1efb60d7
issue-usability,d12bfaf6-b45b-4cc2-b166-8096750f0e48
issue-usability,d157c425-9510-4243-a935-e8c7899f172c
issue-usability,d1967126-67c7-4165-877f-ee969a419a99
issue-usability,d19b84b8-f21d-4d66-8996-1d467bff2151
issue-usability,d203079d-3b22-413c-a688-b3e5d42ba30d
issue-usability,d23af1bd-d65a-4cb7-b898-bdcfa1e2ee37
issue-usability,d2449492-1c5f-40d9-9a1c-231c6ab782c5
issue-usability,d2a08bfa-aa81-41ef-8d18-30362fb2d77f
issue-usability,d324a009-34a9-4dd7-b630-0aa5cd4a4a09
issue-usability,d3318158-83dc-492b-85a6-9044f2078c1f
issue-usability,d35b6729-4fae-4be2-807b-b01f22e53074
issue-usability,d385e915-9475-45ff-b0d7-2ad4ce839bd5
issue-usability,d3d11e18-6bc3-4487-9134-d3d1fa47a788
issue-usability,d3d62118-beec-4c9d-9588-30d88cc325c0
issue-usability,d410315c-218f-42b8-8d18-f5b0c607959c
issue-usability,d446a9e7-d966-49bc-9b87-17cfb38a3b01
issue-usability,d455c11e-c530-4c03-a395-38f5a5cdb8d3
issue-usability,d474be01-129a-4411-8930-d7457be1d083
issue-usability,d477eeb7-3de2-479e-acd8-c4bfa5465e80
issue-usability,d4ac4ee2-4f37-43b8-a9cb-8deafc7be5ab
issue-usability,d4b0a249-e14d-43f2-9711-9cf74cb5b1d6
issue-usability,d4c8cee0-a8b3-4b20-b36d-12ee822e687b
issue-usability,d4d68992-96bf-4fb1-a370-cb47234022d9
issue-usability,d4d99763-30a2-49e8-85b7-c80d11b41d5c
issue-usability,d4de2036-2be5-4a20-ae34-a7669ae05f88
issue-usability,d50991f8-32e8-407e-80b3-822819086a55
issue-usability,d510ff14-ee9a-46b0-be04-7a70f12b2e35
issue-usability,d51452c1-bcfb-4866-9f4f-1b610ffc7fb4
issue-usability,d57ab41e-de92-439f-998b-c47a9a747792
issue-usability,d5827513-f110-459c-ad33-e0af6dd742ba
issue-usability,d5a08227-7dc8-4da9-9249-78551bf40d07
issue-usability,d5d800d1-ae5d-45cc-9c8d-01164d1d99d8
issue-usability,d5ef25cd-ae8b-4da3-a33e-612728d4b07c
issue-usability,d62e8914-cd98-4d31-97ef-638b2297a16a
issue-usability,d6510d55-f220-4611-bd10-05312c08ecee
issue-usability,d65a9dd3-8ef8-446c-9675-bd0f307a033f
issue-usability,d6955d50-5718-4ea5-b670-28df19185cbf
issue-usability,d6ab4fd1-8aff-43c4-9b84-73fef9a01255
issue-usability,d6d60a52-4545-4169-a75f-6b866d23aef2
issue-usability,d6ef2742-20a1-4381-a1c6-de8b471bf939
issue-usability,d7130412-05b3-4705-87c6-4f55fb5f1a5f
issue-usability,d75f23de-dd29-4338-85d7-7763a2a7a5ff
issue-usability,d7702119-07f4-49f5-901c-09914bbf7bfc
issue-usability,d7a71d1f-002f-417d-98b6-52b1190b1e77
issue-usability,d7baa96f-c83d-49a2-9d1f-daa9b61d447e
issue-usability,d7ec7845-b431-4eb8-9a79-04dfc9d2b205
issue-usability,d82279c8-90a7-40b2-8ff7-309cc9204947
issue-usability,d87536c5-6fe0-4b38-b0b1-c47936e4a0d8
issue-usability,d8d6b742-bb0a-4bac-9f52-366306691d8c
issue-usability,d918decf-5b51-4368-ad8a-5446d5aca4ba
issue-usability,d98dd040-04d3-427f-b6e0-309394e2da0c
issue-usability,da0c8e5c-d062-450d-897e-f9038c693a8f
issue-usability,da1dc5c6-eb68-47e3-87cf-9b0981c660fb
issue-usability,da627078-9daf-408c-aa08-2ef002ca6b13
issue-usability,daafff75-ae0b-4f39-9d2f-8a55e6db3929
issue-usability,dab7ebc2-b5ba-4efd-9e91-5fc639c81f8f
issue-usability,db505064-e080-407c-83bb-c546a485f698
issue-usability,db59b2c1-f99a-4208-9857-afca90b465c2
issue-usability,db73c4f7-2c81-4992-b9ea-95cf52c37233
issue-usability,db79536b-4a2b-4e07-b46d-d94e33baddc2
issue-usability,dbb9a1cd-eb68-45f7-9126-a0a19c6dd7bc
issue-usability,dbd1d7db-59e6-49e7-ac9c-96218efee433
issue-usability,dc229d37-29d5-4c78-8e7d-bd7783a4d88e
issue-usability,dc3134bd-f34a-4493-a395-958cd400c633
issue-usability,dc3d0e35-dfc6-4d4d-8755-531277cc2394
issue-usability,dd6e76a6-2a7d-4973-9499-acc88e4840c8
issue-usability,dd89d3d3-e4c1-446e-b899-fc038cfbcf95
issue-usability,dd9479e1-64dd-4bbf-832b-b80d16c07b4b
issue-usability,de044200-f9e8-4743-a1b8-c25e6fac48a0
issue-usability,de0550b4-b62d-4a97-863d-56cc0fa5807f
issue-usability,de410467-e183-4a30-a5b8-ad0febe1b5bd
issue-usability,de580808-1a58-4c61-8664-7c521cb39adf
issue-usability,de94bfa5-25eb-4384-a4e1-4d82711a656f
issue-usability,dea04fb5-bdbe-473b-a00a-391f8a764819
issue-usability,dea64e18-9c0c-4531-8c78-deef0d18d44f
issue-usability,deea4810-5e0c-48d3-b2f4-e02493bcaaf8
issue-usability,df3b0a01-8b8a-4fb6-b82d-3b3cafe26f43
issue-usability,df50af34-590a-4c71-bb2d-66b43539602d
issue-usability,df7bc762-fb68-4966-bf29-164e06a20ed6
issue-usability,dfc98ae8-3e4b-4159-96c8-2d2b9c4ad019
issue-usability,e003564e-bda6-42ae-b070-ab29139ba5dd
issue-usability,e0180a2c-ccd0-453a-bf81-b533b795ace7
issue-usability,e031d0c8-2b35-433d-89de-7c4fb88c19f3
issue-usability,e03db571-a9d7-47aa-9901-7baf519cf82e
issue-usability,e08e8fc7-0718-4cbb-9cb5-fb2aecb48e27
issue-usability,e165233e-e1ca-463b-b28a-ec6dc9b8c080
issue-usability,e16a4550-43e7-4ae1-b538-a65cc652c31b
issue-usability,e1973ef4-99b5-4f3e-a621-b12012621a34
issue-usability,e2466f8d-ab7d-4a8f-8f29-c6726c45d717
issue-usability,e25cdf1b-24c0-41c8-ae6f-3601ec64d820
issue-usability,e26bd479-f516-43a3-adfc-fc6ea4cf6211
issue-usability,e2bbf8ac-082c-4de0-a773-e9ce05dea6e8
issue-usability,e2f4f892-ac2d-4b91-bb6b-f63fdfcea88c
issue-usability,e35069ab-fe9d-41ab-a34f-f06c1b57c456
issue-usability,e37747bd-775f-4ab3-9f41-e606c89211ce
issue-usability,e393cec1-67e8-4f58-a484-8d9d76dc8fd6
issue-usability,e3974829-3884-4616-94c1-e00194451a28
issue-usability,e3ab8023-f0d4-4ef3-beb1-6d0fc554bd05
issue-usability,e3d35e71-56a8-4305-9ca1-abe4ca1c10ed
issue-usability,e3d4bfd5-7125-4078-9e0a-8fb213206f82
issue-usability,e4330502-bab4-44c4-8059-f19036adc993
issue-usability,e5635b9a-b57f-4a87-ba48-142e0a06575b
issue-usability,e5e0a93f-837b-48ee-95b3-e4e67f23fba1
issue-usability,e5e6c55f-3069-4b7c-9807-f8b5d5bf2726
issue-usability,e64f8c69-388e-4c59-ab85-704aa371cca4
issue-usability,e66536b0-850e-45a1-b5b4-2ce29c070980
issue-usability,e672a8ef-1f40-41bb-8524-b81b184c2148
issue-usability,e69d5692-05bc-4304-b911-53cacb7c7469
issue-usability,e6e975e6-7a26-411d-b2b4-dd5acfcc9bd6
issue-usability,e786f7ff-e1b7-4c7d-b979-932dfd0193b1
issue-usability,e7c80260-b628-40e2-8759-8a564d4ddc5e
issue-usability,e80fa0a6-47a8-4a69-ac7c-f4d4d4a047d6
issue-usability,e81f4886-ca9b-4dd4-9869-c7f6b5be1c8d
issue-usability,e836aa8b-b094-4cd0-9b04-4256fdb3ddb0
issue-usability,e8424655-c0fd-47db-960b-a6dc44a0e20a
issue-usability,e8541f88-0063-4250-b56f-563ab9c57fe1
issue-usability,e85607c3-a8b4-4a61-a548-a58b17b0eae1
issue-usability,e8734298-81f1-4e96-b289-674f3ae9f9a8
issue-usability,e88f1592-22b3-412e-8ad9-5add9dfa94d1
issue-usability,e8f2fb9b-ad3b-4fec-8194-ab67956ee50a
issue-usability,e9a2ddee-60a8-40ec-9877-42cd999885e3
issue-usability,e9a7546c-7ced-4016-a7e5-bd6914783ace
issue-usability,e9ecb1b6-7dec-4f14-bd52-435dfc3802ca
issue-usability,e9f95f0c-8a89-4b9c-8322-985ddb569520
issue-usability,ea6e6004-e420-4998-b2f1-beeb961a803d
issue-usability,ea762ed3-e964-4f33-ae72-991082f1b3d2
issue-usability,ea7d923f-2827-4230-b1af-152ca801a441
issue-usability,eaec06c2-b4ce-44ab-b092-63cad5dcb8ab
issue-usability,eaf7bbd0-3fed-4d03-8289-061b68126329
issue-usability,eb549afd-9c1a-492b-a3dd-5d8f44eb2d7c
issue-usability,eb6a5201-4236-4f11-b83d-40b538aebad1
issue-usability,eb748acc-8085-45ce-90db-278d16cfb770
issue-usability,ebb1c2b3-98c0-4a22-b24c-25004eeb852e
issue-usability,ebc64fe2-9553-4528-87d5-cb4bb9783be6
issue-usability,ec0b9368-fab3-4220-869d-bd3a78b00d61
issue-usability,ec10ebd5-63fb-42be-848f-e5a700b3a11d
issue-usability,ec96a982-68d0-44c4-b2be-13a999be4094
issue-usability,eda98e5c-b6c6-4a27-bc2a-e211e994bc23
issue-usability,edcf3503-ca68-451b-8cf5-de90be81b287
issue-usability,ede6b874-24e9-42fd-9d92-c06b1d6b902f
issue-usability,ee0a7f78-cb57-4f2b-9683-b9ccc5328214
issue-usability,ee11e1df-cb73-4c3a-b5e8-7268c7872b01
issue-usability,ee8c1306-8c77-4ff3-a427-52764a6d6fcf
issue-usability,ee984504-ac51-4bdc-90a4-cd4cfe1eccbe
issue-usability,ef4ef746-0305-4cfc-9c5d-6047cb5b1895
issue-usability,efc87f16-787c-4adb-9bfc-d3769dcbf418
issue-usability,efe50bba-0430-4bc7-8489-e35ba4e225fe
issue-usability,f00b631d-ba90-4021-9e7f-7eb848a91813
issue-usability,f010a2e3-7629-4e41-81a1-a78ae48cd9da
issue-usability,f01416d7-670d-4c35-81e8-b6f561148fef
issue-usability,f0171f12-9b8e-4835-adf3-a421484c9f0d
issue-usability,f01fc053-1f22-413e-b65d-de9f748170b1
issue-usability,f0741592-f2f8-4631-8783-c83000bb6689
issue-usability,f087b60e-8575-4c71-a4df-88a00469b308
issue-usability,f0db3d67-8e6c-483b-8da2-83bd4fcf0bc8
issue-usability,f0e0c8c5-6263-49da-9036-e56da2141b9b
issue-usability,f1173cf1-9e8a-4fb4-8095-60e18b00f08e
issue-usability,f138eb69-dfd9-4d58-b952-f1916ccb9110
issue-usability,f14b1910-0275-412a-88c1-143153e0377d
issue-usability,f25cc941-9c8d-499c-af74-0dec8da97f4d
issue-usability,f3770e6a-5c12-42c2-b842-f5099343ecf3
issue-usability,f3b06e12-b7ba-475d-8312-297fdfffa714
issue-usability,f3bc75a3-8850-44c2-88f7-3cb557a752fb
issue-usability,f3e9bb79-ba2b-4622-a7e7-079bae38e316
issue-usability,f3fb629b-45b1-4967-98b5-1f2014ae6d58
issue-usability,f449ac68-8397-41a2-b103-344dcba8f283
issue-usability,f49819e9-9c4b-4b93-bd7e-8de8264922ba
issue-usability,f5549307-c02c-480f-bc0b-698a1b048d13
issue-usability,f591a3cd-0278-433e-83ec-17617c43385a
issue-usability,f62d1d40-4699-4cce-a0ad-02ad4f6f7f32
issue-usability,f661de66-f034-4be6-9337-3f05aeee4a12
issue-usability,f691dcf6-883c-4613-a781-c7b9f8f4c697
issue-usability,f6e65c40-dc3d-44d6-90e1-10b6300e0a6e
issue-usability,f6f39986-4a38-4a57-a494-2bd016335a5c
issue-usability,f6fd64f6-073f-4ce0-974d-7e293684b586
issue-usability,f74e1c47-cb21-4fbc-865d-523acc7c3347
issue-usability,f7ff212c-61e6-41b8-a2bd-ad131f3fbd91
issue-usability,f898ff16-706c-4f52-8108-56965f9801f5
issue-usability,f8a85378-c4dd-40e2-b548-beebcdf3b991
issue-usability,f8b75a92-8c68-45e4-8136-391ac5590e65
issue-usability,f8d6fe23-6e19-480b-a76b-53ea9089bdc7
issue-usability,f902da0f-b1a8-4b74-a444-09003a6f7aa3
issue-usability,f9345a7c-6da2-43ac-9204-96db24d9ae65
issue-usability,f9423a74-9874-4ffd-8d38-8800b445ce5a
issue-usability,f99f2c70-7dda-4898-9c4a-18f13b0e6bf6
issue-usability,f9a535bd-c15b-4a64-a2fc-f5fa86ba4260
issue-usability,f9cf3b4a-c40e-4578-9f6f-358807450b0f
issue-usability,f9d723b6-1e43-4205-ba0e-1b8d4a06fba2
issue-usability,f9f682f6-25e5-492c-80f8-4faca910f53b
issue-usability,f9fd3f3b-06e3-4d99-87aa-1d16c76cc2fc
issue-usability,fa07dedc-8519-42ca-b025-bed7fdcdbd31
issue-usability,fa23b983-15af-4010-95dd-819dd9ac8cc3
issue-usability,fa3d055e-e762-4ea0-9764-644aa764f840
issue-usability,fa501159-e6b9-4356-b168-dd670f043242
issue-usability,fa5eba46-75b8-4aba-8efd-a0e47c186906
issue-usability,fab3970e-7538-4e77-b850-fa1b47738df5
issue-usability,faba6d40-57ee-421b-9be9-a735d2959fb6
issue-usability,fae97fbd-3aae-44e3-a462-033bd3b86633
issue-usability,fb150914-ceb8-40a6-8d58-f20f3e9b1669
issue-usability,fb298c86-ace3-45b5-95b1-eddf9b2edc63
issue-usability,fb61f36c-0392-4a4c-8245-d277128d047f
issue-usability,fb701920-494f-4538-be6f-079ef46b6f5b
issue-usability,fbdf5f23-c999-4f9e-bbb7-507a55d226b8
issue-usability,fc157c09-b744-4a0a-a696-5025e70731a4
issue-usability,fc209a96-1c95-4826-8ffe-2e76704a3771
issue-usability,fd249cc6-982a-4e0b-8371-c94ee6d303eb
issue-usability,fe3fee70-6184-457c-9c93-2edc4c6372da
issue-usability,fe9d47a1-fd4f-4487-a96e-8ac3cd95d477
issue-usability,fedb5365-da3e-446c-a8e9-b147e15f71d1
issue-usability,feeefb3b-0439-4e72-be98-bdedf235101a
issue-usability,ff05a149-b35b-46e6-bc01-a4108ff0d13b
issue-usability,ff434191-87c8-4a76-a30a-de1591982192
issue-usability,ff4833a4-6c2f-4be0-9053-dcb99547f3a7
issue-usability,ff69152d-6844-4124-a62b-12449dd82f67
issue-usability,ff806dd6-f4b0-480f-969b-e93b12bd4411
issue-usability,ff9672ef-cb0e-4740-aa89-ef5dda87ae3f
